PB_IDX,LI_IDX,EX_IDX,PB_NUM,PB_QUES,PB_DETAIL,PB_CHOI1,PB_CHOI2,PB_CHOI3,PB_CHOI4,PB_ANS,PB_SOLU,PB_CR,TOPIC_IDX
1,1,1,1,검토회의 전에 요구사항 명세서를 미리 배포하여 사전 검토한 후 짧은 검토 회의를 통해 오류를 조기에 검출하는데 목적을 두는 요구 사항 검토 방법은?,,빌드 검증,동료 검토,워크 스루,개발자 검토,3,"이 문제는 요구사항 검토 방법 중에서 검토회의 *전*에 미리 자료를 배포하고 사전 검토를 거친 후, 짧은 회의를 통해 오류를 조기에 발견하는 방법을 묻고 있습니다.  이는 효율적인 검토를 위해 사전 준비를 강조하는 방식입니다.  여러 요구사항 검토 방법 중에서,  회의 전에 자료를 미리 배포하여 참석자들이 충분히 검토할 시간을 갖도록 하고, 회의 자체는 짧게 진행하여 효율성을 높이는 방법은 바로 '워크스루'입니다.  워크스루는 참석자들이 미리 검토 자료를 숙지하고 회의에 참여하기 때문에, 회의 시간을 단축하고 효과적으로 오류를 발견할 수 있습니다.  다른 방법들은 이러한 사전 준비 과정과 짧은 회의 시간을 강조하지 않거나,  검토의 초점이 다릅니다. 따라서 요구사항 명세서를 미리 배포하여 사전 검토 후 짧은 검토 회의를 통해 오류를 조기에 발견하는 목적에 가장 부합하는 방법은 워크스루입니다.  마치 중요한 회의 전에 참석자들에게 자료를 미리 보내주고, 회의에서는 간략하게 질문과 답변을 통해 의견을 모으는 것과 같은 원리입니다.",82,2
2,1,1,2,코드 설계에서 일정한 일련번호를 부여하는 방식의 코드는?,,연상 코드,블록 코드,순차 코드,표의 숫자 코드,3,"코드 설계에서 일정한 일련번호를 부여하는 방식은 순차 코드입니다.  예를 들어, 상품에 1, 2, 3…과 같이 번호를 매기는 것을 생각해 보세요.  이처럼 순서대로 숫자를 부여하여 코드를 만드는 것이 순차 코드의 핵심입니다.  다른 코드 방식들은 각각 다른 특징을 가지고 있습니다. 연상 코드는 코드 자체가 의미를 가지도록 설계하는 방식이고, 블록 코드는 특정 범위의 숫자를 특정 의미를 가진 블록으로 묶어 사용하는 방식이며, 표의 숫자 코드는 표를 이용하여 코드를 부여하는 방식입니다.  하지만 문제에서 요구하는 '일정한 일련번호'라는 조건에 가장 잘 맞는 것은 순차적으로 숫자를 부여하는 순차 코드입니다.  따라서 정답은 순차 코드입니다.",85,6
3,1,1,3,객체지향 프로그램에서 데이터를 추상화하는 단위는?,,메소드,클래스,상속성,메시지,2,"객체지향 프로그래밍(OOP)에서 데이터를 추상화하는 기본 단위는 클래스입니다.  클래스는  데이터(멤버 변수, 속성)와 그 데이터를 처리하는 함수(메소드, 행위)를 하나의 묶음으로 정의한 것입니다.  예를 들어 ""강아지""라는 객체를 생각해봅시다. 강아지는 이름, 털 색깔, 나이와 같은 데이터(속성)를 가지고 있으며, 짖기, 뛰어놀기, 잠자기와 같은 행위(메소드)를 합니다.  객체지향 프로그래밍에서는 이러한 데이터와 행위를 하나의 클래스로 묶어서 관리합니다.  따라서 ""강아지"" 클래스는 강아지의 데이터와 행위를 모두 포함하는 추상화된 단위가 되는 것입니다.  메소드는 클래스 내부의 함수이고, 상속성은 클래스 간의 관계를 나타내는 개념이며, 메시지는 객체 간의 상호작용 방식을 나타내는 개념이므로 데이터 자체를 추상화하는 단위는 아닙니다.  클래스는 데이터와 기능을 하나로 묶어서 코드의 재사용성과 관리 효율성을 높여주는 핵심 개념입니다.  정보처리기사 공식 교재에서도 클래스가 객체지향 프로그래밍의 기본 구성 요소이자 데이터 추상화의 핵심 단위로 설명하고 있을 것입니다.",83,7
4,1,1,4,데이터 흐름도(DFD)의 구성요소에 포함되지 않는 것은?,,process,data flow,data store,data dictionary,4,"데이터 흐름도(DFD)는 시스템의 데이터 흐름을 그림으로 나타내는 기법입니다.  마치 물이 파이프를 통해 흐르는 것처럼, 데이터가 시스템 안에서 어떻게 이동하고 처리되는지를 시각적으로 보여주는 것이죠.  그 구성요소는 크게 세 가지로,  데이터가 처리되는 '프로세스(Process)', 데이터가 이동하는 '데이터 흐름(Data Flow)', 그리고 데이터가 저장되는 '데이터 저장소(Data Store)'가 있습니다.  반면 '데이터 사전(Data Dictionary)'은 DFD를 구성하는 요소가 아니고, DFD에 사용되는 데이터 요소들에 대한 상세한 설명(이름, 자료형, 의미 등)을 정의한 표와 같은 것입니다.  데이터 흐름도 자체를 구성하는 요소는 아니지만, DFD를 이해하고 해석하는 데 필수적인 보조적인 자료라고 할 수 있습니다.  따라서 DFD의 구성요소가 아닌 것은 데이터 사전입니다.  쉽게 말해, DFD는 시스템의 '데이터 흐름'을 보여주는 '지도'이고, 데이터 사전은 그 '지도'를 이해하는 데 필요한 '설명서'와 같은 역할을 합니다.",83,3
5,1,1,5,소프트웨어 설계시 구축된 플랫폼의 성능특성 분석에 사용되는 측정 항목이 아닌 것은?,,응답시간(Response Time),가용성(Availability),사용률(Utilization),서버 튜닝(Server Tuning),4,"소프트웨어 설계 시 구축된 플랫폼의 성능 특성을 분석하려면, 시스템의 반응 속도,  얼마나 자주 사용 가능한지, 그리고 시스템 자원의 사용 정도를 측정해야 합니다.  '응답시간'은 사용자가 요청을 보낸 후 시스템이 응답하는 데 걸리는 시간을 나타내고, '가용성'은 시스템이 얼마나 오랫동안 정상적으로 작동하는지를 나타내며, '사용률'은 CPU, 메모리, 네트워크 등 시스템 자원의 사용 정도를 나타냅니다.  반면 '서버 튜닝'은 시스템 성능을 향상시키기 위한 최적화 작업을 의미합니다.  즉, 서버 튜닝 자체는 성능 특성을 *측정*하는 항목이 아니라, 성능을 *개선*하기 위한 활동이기 때문에 플랫폼 성능 특성 분석에 사용되는 측정 항목이라고 할 수 없습니다.  플랫폼의 성능을 분석하기 위해서는 먼저 응답시간, 가용성, 사용률 등을 측정하고 그 결과를 바탕으로 서버 튜닝과 같은 최적화 작업을 진행하는 것이죠. 따라서 서버 튜닝은 성능 분석의 결과로 나오는 활동이지, 분석에 사용되는 측정 항목이 아닙니다.",90,1
6,1,1,6,UML 확장 모델에서 스테레오 타입 객체를 표현할 때 사용하는 기호로 맞는 것은?,,《 》,(( )),{{ }},[[ ]],1,"UML(Unified Modeling Language)은 소프트웨어 시스템을 시각적으로 표현하는 표준 모델링 언어입니다.  UML은 다양한 다이어그램을 제공하는데, 클래스 다이어그램에서 객체를 표현할 때는 일반적으로 사각형을 사용합니다.  하지만 UML은 확장 가능하도록 설계되어 있어, 기존 요소에 추가적인 정보를 덧붙일 수 있습니다. 이때 사용하는 것이 바로 '스테레오타입'입니다. 스테레오타입은 객체의 특별한 속성이나 역할을 나타내는 일종의 태그와 같은 역할을 합니다.  문제에서 묻고 있는 것은 UML 확장 모델에서 이러한 스테레오타입 객체를 표현하는 기호입니다.  스테레오타입은 일반적으로 꺾쇠괄호(`<< >>`)를 사용하여 표현합니다.  예를 들어, 특정 객체가 인터페이스 역할을 한다면 `<<interface>>` 와 같이 표현하는 것이죠.  따라서 꺾쇠괄호를 사용하는 것이 UML 확장 모델에서 스테레오타입 객체를 표현하는 표준적인 방법입니다.",82,2
7,1,1,7,GoF(Gang of Four)의 디자인 패턴에서 행위 패턴에 속하는 것은?,,Builder,Visitor,Prototype,Bridge,2,"GoF 디자인 패턴은 객체지향 설계에서 자주 발생하는 문제들을 해결하기 위한 디자인 패턴들을 모아놓은 책 ""Design Patterns: Elements of Reusable Object-Oriented Software""에서 제시된 23가지의 디자인 패턴들을 말합니다.  이 패턴들은 크게 생성 패턴, 구조 패턴, 행위 패턴으로 나뉘는데,  문제에서 묻고 있는 것은 행위 패턴에 속하는 패턴입니다.  행위 패턴은 객체나 클래스 사이의 알고리즘과 책임 분담을 다루는 패턴입니다.  제시된 선택지 중에서 Visitor 패턴은 객체 구조를 순회하며 각 객체에 대해 특정 작업을 수행하는 행위 패턴입니다.  즉, 객체 구조를 변경하지 않고도 새로운 동작을 추가할 수 있도록 해줍니다.  반면, 다른 선택지들은 객체 생성(Builder, Prototype)이나 클래스 구조(Bridge)에 초점을 맞춘 패턴들이기 때문에 행위 패턴에 속하지 않습니다. 따라서 Visitor 패턴이 정답입니다.  쉽게 말해, Visitor 패턴은 여러 종류의 객체들을 일관된 방식으로 처리해야 할 때 유용한 패턴입니다.  마치 다양한 종류의 과일을 한꺼번에 믹서에 갈아서 주스를 만드는 것과 같다고 생각하면 이해하기 쉬울 것입니다.  믹서(Visitor)가 다양한 과일(객체)들을 일관된 방식으로 처리(방문하여 작업 수행)하는 것이죠.",65,7
8,1,1,8,자료 사전에서 자료의 생략을 의미하는 기호는?,,{ },**,=,(　),4,"자료 사전에서 자료의 생략을 나타내는 기호는 괄호 안에 내용을 비워두는 것입니다.  데이터베이스나 프로그래밍에서 자료를 일시적으로 생략하거나, 아직 값이 정해지지 않은 경우, 혹은 값이 없음을 표현할 때 빈 괄호 `(　)`를 사용합니다.  다른 기호들은 각각 다른 의미를 가지고 있습니다.  `{}`는 집합을 나타내고, `**`는 보통 강조 표시를 위해 사용하며, `=`는 등호로 값의 대입이나 비교를 나타냅니다. 따라서 자료의 생략을 명확하게 표현하는 기호는 빈 괄호 `(　)`입니다.  이는 정보처리기사 공식 교재의 자료구조 및 데이터베이스 관련 내용에서 확인할 수 있습니다.  빈 괄호를 통해 데이터의 누락이나 미정의 상태를 명확하게 나타내어 데이터의 무결성을 유지하고 오류를 방지하는 데 중요한 역할을 합니다.",79,11
9,1,1,9,트랜잭션이 올바르게 처리되고 있는지 데이터를 감시하고 제어하는 미들웨어는?,,RPC,ORB,TP monitor,HUB,3,"이 문제는 트랜잭션 처리의 안정성과 신뢰성을 보장하는 미들웨어를 묻고 있습니다.  트랜잭션이란 여러 작업을 하나의 논리적 단위로 묶어서 처리하는 것을 말하는데, 예를 들어 은행 계좌 이체를 생각해 볼 수 있습니다.  돈을 보내는 계좌에서 돈을 빼고 받는 계좌에 돈을 넣는 두 작업은 반드시 함께 성공하거나 함께 실패해야 합니다.  만약 한 작업만 성공하고 다른 작업이 실패한다면 계좌 잔액이 맞지 않는 심각한 문제가 발생하겠죠.  이처럼 트랜잭션은 데이터의 일관성을 유지하는 데 매우 중요합니다.",83,10
10,1,1,10,UI 설계 원칙에서 누구나 쉽게 이해하고 사용할 수 있어야 한다는 것은?,,유효성,직관성,무결성,유연성,2,"UI 설계의 핵심 목표는 사용자가 시스템을 쉽고 편리하게 사용할 수 있도록 만드는 것입니다.  문제에서 제시된 내용은 사용자의 입장에서 시스템을 얼마나 쉽게 이해하고 사용할 수 있는지를 나타내는 중요한 요소를 묻고 있습니다.  ""누구나 쉽게 이해하고 사용할 수 있어야 한다""는 것은 바로 UI의 직관성을 의미합니다. 직관적인 UI는 사용자가 별도의 설명이나 학습 없이도 시스템의 기능을 쉽게 파악하고 사용할 수 있도록 디자인된 인터페이스를 말합니다.  예를 들어, 버튼의 위치나 아이콘의 의미가 명확하고, 사용자의 행동에 대한 시스템의 반응이 예측 가능하다면 이는 직관적인 UI라고 할 수 있습니다.  반면, 복잡한 메뉴 구조나 모호한 아이콘을 사용하는 UI는 직관적이지 않아 사용자에게 혼란을 야기할 수 있습니다. 따라서, 사용자 친화적인 UI를 설계하기 위해서는 직관성을 최우선적으로 고려해야 합니다.  다른 선택지들은 UI 설계에 중요한 요소이지만, 문제에서 제시된 ""누구나 쉽게 이해하고 사용할 수 있어야 한다""는 조건에 가장 잘 부합하는 것은 직관성입니다.",91,5
11,1,1,11,XP(eXtreme Programming)의 5가지 가치로 거리가 먼 것은?,,용기,의사소통,정형분석,피드백,3,"XP(eXtreme Programming)는 소프트웨어 개발 방법론 중 하나로, 빠르게 변화하는 요구사항에 유연하게 대처하고 고품질의 소프트웨어를 개발하기 위해 고안되었습니다.  XP의 핵심 가치는  개발 과정 전반에 걸쳐  '소통', '단순성', '피드백', '용기', '존중'을 강조합니다.  '소통'은 개발팀 내부 및 고객과의 원활한 의사소통을 통해 요구사항의 오류를 최소화하고,  '단순성'은 복잡한 기능을 최대한 간소화하여 개발 과정을 효율적으로 관리하며, '피드백'은 지속적인 테스트와 고객의 의견을 통해 개발 방향을 수정하고 개선하는 데 중요한 역할을 합니다. '용기'는 변화를 수용하고 과감한 결정을 내리는 것을 의미하며, '존중'은 팀원 상호간의 존중을 통해 협력적인 분위기를 조성합니다.  문제에서 제시된 선지 중 '정형분석'은 XP의 가치와는 거리가 멉니다. XP는  경직된 계획과 분석보다는 유연하고 반복적인 개발 과정을 중시하기 때문입니다.  정형분석은  체계적이고 엄격한 분석 방법론으로, XP의 유연성과 민첩성과는 상반되는 개념입니다. 따라서 XP의 5가지 가치 중 '정형분석'은 포함되지 않습니다.",81,2
12,1,1,12,UML 모델에서 사용하는 Structural Diagram 에 속하지 않은 것은?,,Class Diagram,Object Diagram,Component Diagram,Activity Diagram,4,"이 문제는 UML(Unified Modeling Language) 다이어그램 중에서 구조적인 측면을 보여주는 다이어그램들을 묻고 있습니다.  UML 다이어그램은 크게 구조 다이어그램(Structural Diagram)과 행위 다이어그램(Behavioral Diagram)으로 나뉘는데, 구조 다이어그램은 시스템의 정적인 구조, 즉 시스템을 구성하는 요소들과 그 요소들 간의 관계를 표현합니다.  클래스 다이어그램은 시스템의 클래스들과 그 관계를 나타내고, 객체 다이어그램은 특정 시점의 객체들과 그 관계를 보여주며, 컴포넌트 다이어그램은 시스템의 구성 요소들을 표현합니다. 반면에,  정답으로 제시된 다이어그램은 시스템의 동적인 행위, 즉 시스템의 동작 흐름을 나타내는 행위 다이어그램에 속합니다.  따라서 시스템의 구조를 나타내는 다이어그램이 아닌 것입니다.  쉽게 말해,  건물의 설계도(구조 다이어그램)와 건물에서 사람들이 어떻게 이동하는지 보여주는 안내도(행위 다이어그램)의 차이라고 생각하면 이해하기 쉽습니다.  건물의 설계도는 건물의 구조를 보여주지만, 안내도는 사람들의 행위를 보여주는 것처럼 말이죠.  문제에서 묻는 것은 건물의 설계도(구조)에 해당하는 다이어그램이므로,  시스템의 동작 흐름을 보여주는 다이어그램은 정답이 될 수 없습니다.",76,2
13,1,1,13,소프트웨어 개발 방법 중 요구사항 분석(requirements annalysis)과 거리가 먼 것은?,,비용과 일정에 대한 제약설정,타당성 조사,요구사항 정의 문서화,설계 명세서 작성,4,"소프트웨어 개발은 크게 요구사항 분석, 설계, 구현, 테스트 등의 단계를 거칩니다.  요구사항 분석 단계에서는 사용자의 요구를 정확하게 파악하고 문서화하는 작업이 이루어집니다.  비용과 일정 설정, 타당성 조사는 프로젝트의 전반적인 계획을 세우는 단계에서 중요한 요소이며, 요구사항 분석에 앞서 수행되거나 병행될 수 있습니다.  요구사항 정의 문서화는 사용자의 요구를 명확하게 기록하고 개발팀과 공유하기 위한 필수적인 과정입니다.  반면, 설계 명세서 작성은 요구사항 분석이 완료된 후,  실제 시스템을 구현하기 위한 구체적인 설계를 기술하는 단계입니다. 따라서 요구사항 분석과는 구분되는 별개의 단계라고 할 수 있습니다.  요구사항 분석은 사용자의 니즈를 파악하는 단계이고, 설계는 그 니즈를 어떻게 구현할지 구체적으로 계획하는 단계이기 때문에 서로 다른 단계입니다.  문제에서 묻고 있는 것은 요구사항 분석과 거리가 먼 것이므로,  요구사항 분석 이후에 수행되는 설계 단계에 해당하는 선지가 정답이 됩니다.",65,6
14,1,1,14,럼바우(Rumbaugh)의 객체지향 분석 절차를 가장 바르게 나열한 것은?,,객체 모형→동적 모형→기능 모형,객체 모형→기능 모형→동적 모형,기능 모형→동적 모형→객체 모형,기능 모형→객체 모형→동적 모형,1,"럼바우의 객체지향 분석 절차는 시스템을 객체, 동작, 기능의 세 가지 관점에서 모델링하는 방법입니다.  먼저 시스템을 구성하는 객체들을 식별하고 그들의 속성과 관계를 정의하는 **객체 모형**을 만듭니다.  이후 객체들 간의 상호작용과 시스템의 동적인 흐름을 나타내는 **동적 모형**을 생성합니다. 마지막으로 시스템이 제공하는 기능들을 정의하는 **기능 모형**을 만듭니다.  따라서 객체를 먼저 파악하고, 그 객체들의 상호작용을 분석한 후, 마지막으로 기능을 정의하는 순서가 가장 논리적입니다.  객체가 없으면 동작이나 기능을 정의할 수 없고, 객체의 상호작용을 이해해야만 시스템의 기능을 정확하게 파악할 수 있기 때문입니다.  따라서 객체 모형을 먼저 만들고, 그 다음 동적 모형, 마지막으로 기능 모형을 만드는 순서가 럼바우의 객체지향 분석 절차를 가장 잘 반영합니다.  이는 객체지향 분석의 기본 원칙에 부합하며, 시스템을 체계적이고 효율적으로 분석하는 데 도움을 줍니다.",86,7
15,1,1,15,공통 모듈에 대한 명세 기법 중 해당 기능에 대해 일관되게 이해하고 한 가지로 해석될 수 있도록 작성하는 원칙은?,,상호작용성,명확성,독립성,내용성,2,"공통 모듈이란 여러 프로그램에서 공통적으로 사용되는 기능을 모아놓은 부분입니다.  이러한 공통 모듈은 여러 곳에서 사용되기 때문에, 기능에 대한 이해가 서로 달라 모호하게 해석될 여지가 없도록 명확하게 작성되어야 합니다.  만약 명세가 모호하다면, 각 프로그램에서 공통 모듈을 다르게 해석하고 사용하게 되어 프로그램 간의 호환성 문제나 오류가 발생할 수 있습니다.  따라서 공통 모듈의 명세는 누가 보더라도 동일하게 이해하고 해석할 수 있도록, 즉 명확하게 작성하는 것이 매우 중요합니다.  다른 선택지들은 중요한 요소이지만, 공통 모듈의 명세에서 가장 기본적이고 필수적인 원칙은 명확성입니다.  상호작용성은 모듈 간의 관계를, 독립성은 모듈 자체의 독립적인 기능을, 내용성은 모듈이 포함하는 기능의 충실성을 의미하지만,  모듈을 여러 곳에서 일관되게 사용하기 위해서는 무엇보다 명확한 명세가 우선되어야 합니다.",86,6
16,1,1,16,객체지향 기법에서 클래스들 사이의 ‘부분-전체(part-whole)' 관계 또는 ’부분(is-a-part-of)'의 관계로 설명되는 연관성을 나타내는 용어는?,,일반화,추상화,캡슐화,집단화,4,"객체지향 기법에서 클래스는 객체의 설계도와 같습니다.  여러 개의 클래스가 모여서 하나의 시스템을 구성하는데, 이때 클래스들 간의 관계를 나타내는 여러 용어가 있습니다.  문제에서 묻는 것은 '부분-전체' 관계, 즉 하나의 큰 객체가 여러 작은 객체들로 구성되는 관계를 표현하는 용어입니다.  예를 들어, 자동차라는 큰 객체는 엔진, 바퀴, 시트 등 여러 작은 부품 객체들로 이루어져 있습니다. 이러한 '부분-전체' 관계를 객체지향 기법에서는 '집단화'라고 표현합니다.  '집단화'는 전체를 구성하는 부분들을 하나로 묶어서 관리하는 개념입니다.  다른 선택지들은 클래스 간의 다른 종류의 관계를 나타내는 용어들입니다. '일반화'는 상속 관계를, '추상화'는 복잡한 내용을 단순화하여 표현하는 것을, '캡슐화'는 데이터와 함수를 하나로 묶어서 외부로부터 보호하는 것을 의미합니다. 따라서 자동차와 그 부품들의 관계를 가장 잘 설명하는 용어는 '집단화'입니다.",63,7
17,1,1,17,CASE가 갖고 있는 주요 기능이 아닌 것은?,,그래픽 지원,소프트웨어 생명주기 전 단계의 연결,언어번역,다양한 소프트웨어 개발 모형 지원,3,"CASE(Computer-Aided Software Engineering)는 소프트웨어 개발 과정을 지원하는 도구들의 총칭입니다.  소프트웨어 개발의 여러 단계, 예를 들어 요구사항 분석, 설계, 구현, 테스트 등을 자동화하거나 지원하는 기능을 제공하여 개발 생산성을 높이고, 개발 과정의 오류를 줄이는 데 도움을 줍니다.  그래픽 지원을 통해 시각적으로 소프트웨어 구조를 표현하고, 소프트웨어 생명주기 전 단계를 연결하여 개발 과정의 흐름을 원활하게 만들며, 다양한 소프트웨어 개발 방법론(예: 폭포수 모델, 애자일)을 지원하는 기능을 제공합니다. 하지만 CASE는 소프트웨어 개발 과정을 지원하는 도구이지, 언어 자체를 번역하는 기능은 제공하지 않습니다.  언어 번역은 별도의 번역 도구나 시스템을 필요로 합니다. 따라서 CASE의 주요 기능이 아닌 것은 언어 번역입니다.",84,47
18,1,1,18,DBMS 분석시 고려사항으로 거리가 먼 것은?,,가용성,성능,네트워크 구성도,상호 호환성,3,"DBMS(데이터베이스 관리 시스템)를 분석할 때는 여러 가지 중요한 요소들을 고려해야 합니다.  데이터베이스의 안정적인 운영을 위해 얼마나 자주 문제없이 사용할 수 있는지 나타내는 '가용성', 데이터베이스의 처리 속도와 효율성을 의미하는 '성능', 그리고 서로 다른 시스템 간에 데이터를 주고받을 수 있는 '상호 호환성'은 모두 DBMS 분석에 필수적인 고려사항입니다. 하지만 '네트워크 구성도'는 DBMS 자체의 특성이나 성능, 안정성을 직접적으로 평가하는 요소는 아닙니다. 네트워크 구성은 DBMS가 동작하는 환경에 영향을 미칠 수 있지만, DBMS 분석의 핵심적인 고려사항이라고 보기는 어렵습니다.  DBMS 분석은 데이터베이스 시스템 자체의 기능과 성능에 초점을 맞추어야 하며, 네트워크 구성은 DBMS를 사용하는 응용 프로그램이나 시스템의 설계 단계에서 고려해야 할 사항입니다. 따라서 DBMS 분석 시 고려사항으로 적절하지 않은 것은 네트워크 구성도입니다.  쉽게 말해,  DBMS가 얼마나 잘 작동하는지, 빠른지, 다른 시스템과 잘 연결되는지를 보는 것이 DBMS 분석인데, 네트워크가 어떻게 생겼는지는 DBMS 자체의 성능과는 직접적인 관련이 없기 때문입니다.",83,1
19,1,1,19,HIPO(Hierarchy Input Process Output)에 대한 설명으로 거리가 먼 것은?,,상향식 소프트웨어 개발을 위한 문서화 도구이다.,"HIPO 차트 종류에는 가시적 도표, 총체적 도표, 세부적 도표가 있다.",기능과 자료의 의존 관계를 동시에 표현할 수 있다.,보기 쉽고 이해하기 쉽다.,1,"HIPO는 계층적 입력-처리-출력(Hierarchy Input Process Output)의 약자로, 시스템의 기능을 계층적으로 표현하는 문서화 도구입니다.  상향식 개발 방식을 지원하며, 시스템의 전체적인 흐름부터 세부적인 기능까지 단계적으로 표현하여 이해도를 높입니다.  HIPO 차트는 시스템의 기능을 시각적으로 보여주는 가시적 도표, 전체 시스템의 기능을 개괄적으로 보여주는 총체적 도표, 그리고 각 기능의 세부적인 처리 과정을 보여주는 세부적 도표로 구성됩니다.  이를 통해 기능과 자료의 의존 관계를 명확하게 파악할 수 있도록 도와주며, 결과적으로 시스템을 쉽게 이해하고 관리할 수 있도록 합니다.  문제에서 틀린 선지는 HIPO의 특징과 부합하지 않는 내용입니다.  HIPO는 시스템의 기능을 명확하고 체계적으로 표현하여 이해도를 높이는 데 초점을 맞추기 때문에, 보기 쉽고 이해하기 쉽다는 것은 HIPO의 장점이지 거리가 먼 설명이 아닙니다.  따라서 문제에서 제시된 네 가지 설명 중 하나는 HIPO의 특징과 일치하지 않습니다.",78,2
20,1,1,20,"객체지향 분석 방법론 중 E-R 다이어그램을 사용하여 객체의 행위를 모델링하며, 객체식별, 구조 식별, 주체 정의, 속성 및 관계 정의, 서비스 정의 등의 과정으로 구성되는 것은?",,Coad와 Yourdon 방법,Booch 방법,Jacobson 방법,Wirfs-Brocks 방법,1,"이 문제는 객체지향 분석 방법론 중 E-R 다이어그램을 사용하는 방법을 묻고 있습니다.  객체지향 분석은 현실 세계의 문제를 객체라는 개념으로 모델링하여 소프트웨어를 개발하는 방법론입니다.  여러 객체지향 분석 방법론 중에서 E-R 다이어그램을 사용하여 객체의 행위를 모델링하는 방법은 특정 방법론의 특징입니다. E-R 다이어그램은 데이터베이스 설계에 주로 사용되는 도구로,  엔티티(Entity, 객체)와 관계(Relationship)를 표현하여 데이터 구조를 시각적으로 보여줍니다. 문제에서 언급된 '객체 식별, 구조 식별, 주체 정의, 속성 및 관계 정의, 서비스 정의' 등의 과정은  E-R 다이어그램을 이용하여 객체와 객체 간의 관계를 정의하고, 객체가 수행하는 기능(서비스)을 명세하는 과정을 나타냅니다.  정답으로 제시된 방법론은 이러한 과정을 모두 포함하고 있으며, E-R 다이어그램을 활용하여 객체의 행위를 모델링하는 특징을 가지고 있습니다. 다른 방법론들은 객체의 행위 모델링에 다른 접근 방식을 사용할 수 있습니다. 따라서 E-R 다이어그램을 사용하여 객체의 행위를 모델링하는 특징을 가진 방법론을 선택하는 것이 정답입니다.",79,7
21,1,1,21,정렬된 N개의 데이터를 처리하는데 O(Nlog2N)의 시간이 소요되는 정렬 알고리즘은?,,선택정렬,삽입정렬,버블정렬,합병정렬,4,"정렬된 N개의 데이터를 처리하는 데 걸리는 시간을 나타내는 표기법 O(Nlog₂N)은 알고리즘의 시간 복잡도를 나타냅니다.  시간 복잡도는 데이터의 양(N)이 증가함에 따라 알고리즘의 실행 시간이 어떻게 증가하는지를 나타내는 척도입니다.  O(Nlog₂N)은 데이터의 양이 증가할수록 실행 시간이 비교적 효율적으로 증가함을 의미합니다.  선택 정렬, 삽입 정렬, 버블 정렬은 모두 단순한 정렬 알고리즘으로, 최악의 경우 O(N²)의 시간 복잡도를 가지므로 데이터의 양이 많아지면 실행 시간이 매우 길어집니다. 반면에 합병 정렬은 데이터를 반으로 계속 나누어 정렬한 후 합치는 분할 정복(Divide and Conquer) 방식을 사용하는데, 이 방식은 O(Nlog₂N)의 시간 복잡도를 가지므로 데이터 양이 많아져도 상대적으로 효율적인 정렬이 가능합니다. 따라서 정렬된 N개의 데이터를 처리하는 데 O(Nlog₂N)의 시간이 소요되는 정렬 알고리즘은 합병 정렬입니다.  쉽게 말해,  데이터가 많아질수록 합병 정렬은 다른 정렬 방법들보다 훨씬 빠르게 정렬을 완료할 수 있다는 뜻입니다.",69,11
22,1,1,22,White Box Testing 에 대한 설명으로 옳지 않은 것은?,,"Base Path Testing, Boundary Value Analysis가 대표적인 기법이다.",Source Code 의 모든 문장을 한번 이상 수행함으로서 진행된다.,모듈 안의 작동을 직접 관찰 할 수 있다.,"산출물의 각 기능별로 적절한 프로그램의 제어구조에 따라 선택, 반복 등의 부분들을 수행함으로써 논리적 경로를 점검한다.",1,"화이트박스 테스트는 소스 코드를 직접 들여다보면서 테스트하는 방법입니다.  마치 상자의 내부 구조를 모두 알고 있는 것처럼 테스트를 진행하기 때문에 '화이트박스'라는 이름이 붙었습니다.  따라서 소스 코드의 모든 문장을 적어도 한 번 이상 실행시켜보는 것이 중요하고, 프로그램의 내부 동작을 직접 확인할 수 있습니다.  Base Path Testing이나 Boundary Value Analysis는 화이트박스 테스트의 대표적인 기법으로, 프로그램의 모든 논리적 경로를 점검하거나 경계값을 중심으로 테스트하는 방법입니다.  하지만,  프로그램의 산출물(결과)의 각 기능별로 테스트하는 것은 블랙박스 테스트의 특징입니다. 화이트박스 테스트는 내부 구조를 중심으로 테스트하기 때문에 산출물의 기능에만 초점을 맞추지 않습니다.  결론적으로,  산출물의 기능에 따라 테스트하는 방식은 화이트박스 테스트의 특징이 아니므로,  옳지 않은 설명이 됩니다.",67,19
23,1,1,23,소프트웨어 품질 측정을 위해 개발자 관점에서 고려해야 할 항목으로 거리가 먼 것은?,,정확성,무결성,사용성,간결성,4,"소프트웨어 품질을 측정할 때 개발자는 여러 가지 요소를 고려합니다.  정확성은 소프트웨어가 올바른 결과를 내는지, 무결성은 소프트웨어가 의도하지 않은 변경이나 손상으로부터 안전한지를, 사용성은 사용자가 얼마나 쉽고 편리하게 소프트웨어를 사용할 수 있는지를 나타냅니다.  하지만 간결성은 개발자 관점에서 코드의 길이가 짧고 효율적인지를 의미하는데, 소프트웨어 품질 측정의 주요 목표는 사용자에게 좋은 경험을 제공하는 것이지, 개발자의 코딩 스타일을 평가하는 것이 아닙니다.  따라서 사용자 관점에서의 품질 요소인 정확성, 무결성, 사용성과 달리 간결성은 개발자의 편의성에 초점을 맞춘 항목이므로 소프트웨어 품질 측정에서 개발자 관점으로 고려해야 할 항목으로는 적절하지 않습니다.  결론적으로 소프트웨어의 품질은 사용자의 만족도를 최우선으로 고려해야 하며, 간결성은 개발 효율성과 관련된 요소이므로  소프트웨어 품질 측정 항목으로는 적합하지 않습니다.",63,17
24,1,1,24,인터페이스 구현 검증도구 중 아래에서 설명하는 것은?,https://www.cbtbank.kr/images/iz/iz20200606/iz20200606m24.gif,xUnit,STAF,FitNesse,RubyNode,2,"문제에서 설명하는 검증 도구는 서비스 호출이나 컴포넌트 재사용 등 다양한 환경을 지원하는 테스트 프레임워크이며, 각 테스트 대상 분산 환경에 데몬을 사용하여 테스트를 자동화하는 특징을 가지고 있습니다.  이러한 특징들을 종합적으로 고려했을 때, STAF(Software Testing Automation Framework)가 가장 적합한 설명입니다. STAF는 분산 환경에서의 자동화된 테스트를 지원하는 프레임워크로, 다양한 플랫폼과 환경에서 테스트를 수행할 수 있도록 설계되었으며, 데몬을 이용하여 테스트 대상 시스템과 통신하고 테스트를 관리합니다.  다른 선택지들은 STAF와 같은 분산 환경 지원 및 자동화 테스트 기능을 제공하지 않거나, 그 기능이 STAF만큼 포괄적이지 않습니다. 따라서 문제에서 제시된 설명에 가장 부합하는 것은 STAF입니다.",64,24
25,1,1,25,EAI(Enterprise Application Integration)의 구축 유형으로 옳지 않은 것은?,,Point-to-Point,Hub&Spoke,Message Bus,Tree,4,"EAI(Enterprise Application Integration)는 여러 기업 애플리케이션들을 서로 연결하고 통합하여 데이터와 프로세스를 공유할 수 있도록 하는 기술입니다.  문제에서는 EAI 구축 유형 중 옳지 않은 것을 고르라고 했습니다.  Point-to-Point는 각 애플리케이션을 개별적으로 연결하는 방식이고, Hub&Spoke는 중앙 허브를 통해 여러 애플리케이션을 연결하는 방식이며, Message Bus는 메시지를 중개하는 방식으로 애플리케이션 간 통신을 처리합니다. 이 세 가지 방식은 모두 실제로 사용되는 EAI 구축 유형입니다.  반면에 Tree 구조는 계층적인 구조를 의미하는데, EAI 시스템에서 모든 애플리케이션이 계층적으로 연결되는 구조는 일반적이지 않고 효율적이지도 않습니다.  EAI는 여러 애플리케이션 간의 유연하고 효율적인 통합을 목표로 하기 때문에, Tree 구조처럼 엄격한 계층 구조는 적합하지 않습니다. 따라서 Tree 구조는 EAI 구축 유형으로 적절하지 않은 선택지입니다.  다양한 애플리케이션의 상호작용을 고려할 때, Point-to-Point 방식은 복잡성이 증가하고 유지보수가 어려워지며, Hub&Spoke 방식은 중앙 허브에 대한 의존도가 높아지고 단일 지점 장애의 위험이 있습니다. Message Bus 방식은 이러한 문제점을 어느 정도 해결할 수 있지만, Tree 구조는 애플리케이션 간의 관계를 효율적으로 표현하지 못합니다.  결론적으로,  제시된 선택지 중 Tree 구조는 EAI 구축 유형으로 적합하지 않습니다.",73,10
26,1,1,26,다음 트리를 전위 순회(preorder traversal)한 결과는?,https://www.cbtbank.kr/images/iz/iz20200606/iz20200606m26.gif,+*AB/*CDE,AB/C*D*E+,A/B*C*D+E,+**/ABCDE,4,"이 문제는 트리 자료구조를 전위 순회(preorder traversal)하는 방법을 묻고 있습니다. 전위 순회란, 트리를 순회하는 방법 중 하나로,  먼저 루트 노드를 방문하고, 그 다음 왼쪽 서브트리를 순회한 후, 마지막으로 오른쪽 서브트리를 순회하는 방식입니다.  주어진 트리를 살펴보면 루트 노드는 '+' 입니다. 따라서 '+'를 먼저 방문합니다. 그 다음 왼쪽 서브트리('*')를 순회해야 하는데, 이 서브트리도 전위 순회 방식을 따라야 합니다.  '*' 노드를 방문하고, 그 왼쪽 서브트리('*')를 순회합니다.  이 서브트리의 루트는 '*'이고, 왼쪽 자식은 'A', 오른쪽 자식은 'B'이므로 'A'를 먼저 방문하고 'B'를 방문합니다. 그 다음 '*' 노드의 오른쪽 서브트리('C')를 방문합니다. 이제 '+' 노드의 오른쪽 서브트리('E')를 방문합니다. 따라서 전체 순회 결과는 '+ * * A B C E' 가 됩니다.  이를 표현한 것이 정답입니다.  쉽게 말해, 트리를 위에서부터 아래로, 왼쪽에서 오른쪽으로 차례대로 방문하는 방식이라고 생각하면 됩니다.",79,11
27,1,1,27,인터페이스 보안을 위해 네트워크 영역에 적용될 수 있는 솔루션과 거리가 먼 것은?,,IPSec,SMTP,SSL,S-HTTP,2,"이 문제는 인터페이스 보안을 위해 네트워크 영역에 적용될 수 있는 솔루션을 묻고 있습니다.  네트워크를 통해 데이터를 주고받을 때 안전하게 보호하는 기술들이 여러 가지 있는데,  정답으로 제시된 옵션은 네트워크 통신의 보안을 담당하지 않는,  다른 목적으로 사용되는 프로토콜입니다.  나머지 옵션들은 모두 네트워크 상에서 데이터를 안전하게 전송하기 위한 보안 프로토콜입니다.  IPSec은 IP 패킷을 암호화하여 네트워크를 통해 전송하는 프로토콜이고, SSL(Secure Sockets Layer)과 S-HTTP(Secure Hypertext Transfer Protocol)는 웹 통신에서 데이터를 안전하게 전송하기 위해 사용되는 프로토콜입니다.  반면에 문제에서 정답으로 제시된 것은 이메일 전송 프로토콜로,  네트워크 보안을 위한 목적으로 설계되지 않았습니다. 따라서 네트워크 영역의 인터페이스 보안과는 거리가 먼 솔루션입니다.  쉽게 말해,  집의 현관문(네트워크)을 튼튼하게 지키는 방법(인터페이스 보안)을 묻는 질문에,  우편함(이메일 전송 프로토콜)을 언급하는 것은 적절하지 않은 것과 같습니다.",77,56
28,1,1,28,평가 점수에 따른 성적부여는 다음 표와 같다. 이를 구현한 소프트웨어를 경계값 분석 기법으로 테스트 하고자 할 때 다음 중 테스트 케이스의 입력 값으로 옳지 않은 것은?,https://www.cbtbank.kr/images/iz/iz20200606/iz20200606m28.gif,59,80,90,101,3,"이 문제는 소프트웨어 테스트 기법 중 하나인 경계값 분석을 이해하고 있는지 묻는 문제입니다. 경계값 분석은 입력값의 경계선에 해당하는 값들을 테스트 케이스로 사용하여 프로그램의 오류를 찾는 기법입니다.  문제에서 주어진 성적 부여 기준표를 보면, 각 성적 등급의 경계값은 59, 60, 79, 80, 100입니다.  경계값 분석에서는 이러한 경계값들을 테스트 케이스로 사용하여 프로그램이 경계값에서도 정상적으로 동작하는지 확인해야 합니다.  따라서 59, 60, 79, 80, 100은 모두 테스트 케이스로 적합한 입력값입니다.  하지만 주어진 선택지 중 하나는 이러한 경계값 범위를 벗어나 있습니다.  이 값은 프로그램이 예상치 못한 동작을 할 가능성이 높으므로,  테스트 케이스로 적합하지 않습니다.  결론적으로, 경계값 분석의 목적은 프로그램의 경계값에서의 동작을 검증하는 것이므로, 경계값 범위를 벗어난 값은 테스트 케이스로 적절하지 않습니다.",77,19
29,1,1,29,반정규화(Denormalization) 유형중 중복 테이블을 추가하는 방법에 해당하지 않는 것은?,,빌드 테이블의 추가,집계 테이블의 추가,진행 테이블의 추가,특정 부분만을 포함하는 테이블의 추가,1,"반정규화는 데이터베이스의 성능을 향상시키기 위해 정규화된 데이터베이스를 의도적으로 비정규화하는 기법입니다.  중복 데이터를 허용하여 데이터베이스 조회 속도를 높이는 것이 목표죠.  문제에서 묻고 있는 것은 중복 테이블을 추가하는 방법 중 해당하지 않는 것인데,  '빌드 테이블', '집계 테이블', '진행 테이블'은 모두 특정 목적을 위해 중복 데이터를 포함하는 테이블을 추가하는 반정규화 기법의 예시입니다.  하지만 '특정 부분만을 포함하는 테이블의 추가'는 반정규화의 목적과는 다소 다릅니다.  반정규화는 데이터 중복을 통해 성능을 개선하는 것이 주 목적이지만,  '특정 부분만 포함하는 테이블'은 오히려 데이터의 중복을 줄이거나 특정 부분에 대한 접근성을 높이기 위한 목적으로 추가될 수 있습니다.  따라서 데이터 중복을 통한 성능 향상이라는 반정규화의 핵심 목표와는 부합하지 않는 선택지가 정답이 되는 것입니다.  쉽게 말해, 반정규화는 데이터를 여러 곳에 복사해서 조회 속도를 높이는 건데, 특정 부분만 뽑아서 새로운 테이블을 만드는 것은 데이터 중복을 위한 것이 아니기 때문입니다.",47,33
30,1,1,30,ISO/IEC 9126의 소프트웨어 품질 특성 중 기능성(Functionlity)의 하위 특성으로 옳지 않은 것은?,,학습성,적합성,정확성,보안성,1,"ISO/IEC 9126는 소프트웨어의 품질을 평가하기 위한 국제 표준입니다.  이 표준에서는 소프트웨어 품질을 기능성, 신뢰성, 사용성, 효율성, 유지보수성, 이식성의 6가지 주요 특성으로 분류하고, 각 특성은 다시 여러 하위 특성으로 세분화합니다.  문제에서 묻고 있는 기능성은 소프트웨어가 얼마나 정확하고, 완벽하게 요구된 기능을 수행하는지를 나타내는 특성입니다.  정확성, 적합성 등은 소프트웨어가 의도된 대로 정확하게 작동하고, 사용자의 요구사항을 충족하는지에 대한 측면을 평가하는 하위 특성들입니다.  반면에,  학습성은 소프트웨어를 처음 접하는 사용자가 얼마나 쉽게 사용법을 익힐 수 있는지를 나타내는 사용성의 하위 특성입니다.  보안성은 소프트웨어가 무단 접근이나 변경으로부터 안전하게 데이터를 보호하는 능력을 나타내는 신뢰성의 하위 특성입니다. 따라서, 기능성의 하위 특성으로 보기 어울리지 않는 것은 학습성과 보안성 중 하나입니다.  학습성은 사용성과 관련된 개념이고, 보안성은 신뢰성과 관련된 개념이기 때문에 기능성과는 직접적인 관련이 없습니다.  따라서 문제의 정답은 학습성입니다.",61,17
31,1,1,31,다음 트리의 차수(degree)와 단말 노드(terminal node)의 수는?,https://www.cbtbank.kr/images/iz/iz20200606/iz20200606m31.gif,"차수: 4, 단말 노드: 4","차수: 2, 단말 노드: 4","차수: 4, 단말 노드: 8","차수: 2, 단말 노드: 8",2,"문제에서 제시된 트리는 계층적인 구조를 가지고 있습니다.  트리에서 각 노드는 가지(branch)를 통해 다른 노드와 연결되는데,  '차수(degree)'는 각 노드가 가지고 있는 자식 노드의 개수를 의미합니다.  루트 노드 A는 두 개의 자식 노드(B, C)를 가지고 있고, 노드 B는 하나의 자식 노드(D)를, 노드 C는 두 개의 자식 노드(E, F)를 가지고 있습니다. 노드 E는 두 개의 자식 노드(G, H)를 가지고 있습니다.  트리의 차수는 각 노드의 차수 중 가장 큰 값으로 정의되는 것이 아니라,  **각 노드의 자식 노드의 수 중 최댓값**으로 정의됩니다. 따라서 이 트리에서 가장 많은 자식 노드를 가진 노드는 A, C, E 노드로 2개의 자식 노드를 가지고 있으므로 트리의 차수는 2가 됩니다.",72,11
32,1,1,32,디지털 저작권 관리(DRM)의 기술 요소가 아닌 것은?,,크랙 방지 기술,정책 관리 기술,암호화 기술,방화벽 기술,4,"디지털 저작권 관리(DRM)은 디지털 콘텐츠의 저작권을 보호하기 위한 기술입니다.  쉽게 말해,  내가 만든 음악이나 영화를 함부로 복사하거나 불법으로 유통하는 것을 막기 위한 기술이죠.  문제에서 제시된 선택지들을 살펴보면, 콘텐츠의 불법 복제를 막는 '크랙 방지 기술'이나, 콘텐츠 접근 권한을 제어하는 '암호화 기술', 그리고 DRM 시스템 자체의 운영 및 권한 관리를 위한 '정책 관리 기술'은 모두 DRM의 핵심적인 기술 요소입니다.  반면 '방화벽 기술'은 외부의 불법적인 접근을 차단하는 네트워크 보안 기술로,  DRM 시스템의 보안을 강화하는 데 도움을 줄 수는 있지만,  DRM의 핵심 기능 자체는 아닙니다.  DRM은 콘텐츠 자체의 보호에 초점을 맞추는 반면, 방화벽은 네트워크 전체의 보안에 초점을 맞추기 때문입니다. 따라서 DRM의 기술적 요소로 볼 수 없는 것은 방화벽 기술입니다.",77,16
33,1,1,33,소프트 웨어 테스트에서 오류의 80%는 전체 모듈의 20% 내에서 발견된다는 법칙은?,,Brooks의 법칙,Boehm의 법칙,Pareto의 법칙,Jackson의 법칙,3,"소프트웨어 테스트를 진행하다 보면, 전체 코드에서 발견되는 오류의 대부분이 특정 부분에 집중되어 있다는 것을 경험하게 됩니다.  마치 20%의 원인이 80%의 결과를 만들어내는 것처럼 말이죠. 이러한 현상을 설명하는 것이 바로 이 법칙입니다.  소프트웨어 개발에서도 전체 모듈 중 20%의 모듈에 전체 오류의 80%가 집중되어 있다는 의미입니다.  따라서 소프트웨어 테스트 시, 이 법칙을 고려하여 오류가 많이 발생할 가능성이 높은 부분에 집중적으로 테스트를 수행하면 효율적으로 오류를 발견하고 수정할 수 있습니다. 이는 개발 시간과 비용을 절감하는 데 큰 도움이 됩니다. 이 법칙을 이해하고 적용하면 테스트의 효율성을 높일 수 있고, 결과적으로 더욱 안정적이고 품질 높은 소프트웨어를 개발하는 데 기여할 수 있습니다.  이처럼 특정 소수의 원인이 대부분의 결과를 초래하는 현상을 일반적으로 설명하는 법칙이 문제에서 제시된 정답입니다.",75,19
34,1,1,34,소프트웨어 형상 관리의 의미로 적절한 것은?,,비용에 관한 사항을 효율적으로 관리하는 것,개발 과정의 변경 사항을 관리하는 것,테스트 과정에서 소프트웨어를 통합하는 것,개발 인력을 관리하는 것,2,"소프트웨어 형상 관리란 소프트웨어 개발 과정에서 발생하는 모든 변경 사항을 체계적으로 관리하는 것을 의미합니다.  소프트웨어 개발은 여러 사람이 함께 진행하고, 코드는 끊임없이 수정되고 추가됩니다.  이러한 변경 사항들을 제대로 관리하지 않으면 버전 충돌이 발생하거나, 어떤 버전의 코드가 어떤 기능을 가지고 있는지 파악하기 어려워져 개발 과정이 매우 혼란스러워집니다.  따라서 소프트웨어 형상 관리는 개발 과정의 효율성을 높이고, 오류를 줄이며, 최종적으로는 소프트웨어의 품질을 향상시키는 데 매우 중요한 역할을 합니다.  비용 관리, 테스트 과정의 통합, 개발 인력 관리 등은 소프트웨어 개발에 필요한 요소이지만, 소프트웨어 형상 관리의 핵심 내용은 개발 과정에서 발생하는 변경 사항을 추적하고 관리하는 것입니다.  마치 건축 현장에서 설계 변경 사항을 기록하고 관리하는 것과 같다고 생각하면 이해하기 쉬울 것입니다.  각 변경 사항을 버전으로 관리하고, 필요시 이전 버전으로 돌아갈 수 있도록 하는 것이 소프트웨어 형상 관리의 주요 목표입니다.",69,15
35,1,1,35,알고리즘 시간복잡도 O(1)이 의미하는 것은?,,컴퓨터 처리가 불가,알고리즘 입력 데이터 수가 한 개,알고리즘 수행시간이 입력 데이터 수와 관계없이 일정,알고리즘 길이가 입력 데이터보다 작음,3,"알고리즘의 시간 복잡도는 알고리즘이 수행되는 데 걸리는 시간을 입력 데이터의 크기에 따라 나타낸 것입니다.  O(1)은 상수 시간 복잡도를 의미하며, 입력 데이터의 크기가 아무리 커져도 알고리즘의 수행 시간이 일정하게 유지됨을 나타냅니다.  예를 들어, 배열의 특정 인덱스에 접근하는 작업은 항상 같은 시간이 걸리므로 O(1)의 시간 복잡도를 가집니다.  입력 데이터의 개수가 1개인 경우는 특수한 경우이고, 알고리즘의 길이가 입력 데이터보다 작다는 것은 시간 복잡도와 직접적인 관련이 없습니다.  컴퓨터 처리가 불가능하다는 것은 시간 복잡도와 전혀 무관한 내용입니다. 따라서 O(1)은 입력 데이터의 크기와 관계없이 알고리즘의 수행 시간이 항상 일정하다는 것을 의미합니다.",76,21
36,1,1,36,소스코드 품질분석 도구 중 정적분석 도구가 아닌 것은?,,pmd,cppcheck,valMeter,checkstyle,3,"소스코드 품질분석 도구는 개발된 소스코드의 품질을 분석하는 도구입니다.  정적 분석 도구는 코드를 실행하지 않고 소스코드 자체를 분석하여 버그나 취약점, 스타일 가이드 위반 등을 찾아내는 도구입니다.  반면에 동적 분석 도구는 코드를 실제로 실행하면서 분석하는 방식입니다.  문제에서 제시된 도구들 중 pmd, cppcheck, checkstyle은 모두 코드를 실행하지 않고 분석하는 정적 분석 도구입니다.  하지만 나머지 하나는 코드를 실행하여 분석하는 동적 분석 도구이기 때문에 정적 분석 도구가 아닙니다. 따라서 정답은 코드를 실행하여 분석하는 동적 분석 도구입니다.  쉽게 말해, 정적 분석 도구는 책을 읽어서 오타나 문법 오류를 찾는 것과 같고, 동적 분석 도구는 책을 직접 읽어보면서 이해가 되는지, 내용이 일관성이 있는지 확인하는 것과 같습니다.  정답은 코드를 실행해야만 알 수 있는 문제점을 찾는 도구이므로 정적 분석 도구가 아닌 것입니다.",66,21
37,1,1,37,"검증 검사 기법 중 개발자의 장소에서 사용자가 개발자 앞에서 행하는 기법이며, 일반적으로 통제된 환경에서 사용자와 개발자가 함께 확인하면서 수행되는 검사는?",,동치 분할 검사,형상 검사,알파 검사,베타 검사,3,"이 문제는 소프트웨어 검사 기법 중 하나를 묻고 있습니다.  문제에서 ""개발자의 장소에서 사용자가 개발자 앞에서 행하는 기법"" 이라고 명시되어 있고, ""일반적으로 통제된 환경에서 사용자와 개발자가 함께 확인하면서 수행되는 검사"" 라고 설명하고 있죠. 이러한 조건을 만족하는 검사 기법은 바로 알파 검사입니다.  알파 검사는 개발이 완료된 소프트웨어를 개발 현장에서 제한된 수의 사용자들이 직접 사용해보면서 문제점을 찾는 검사입니다.  개발자의 감독 하에 이루어지기 때문에 사용자의 피드백을 바로 받아 수정할 수 있다는 장점이 있습니다.  반면 베타 검사는 개발이 거의 완료된 소프트웨어를 실제 사용 환경에서 다수의 사용자에게 배포하여 사용하게 하고, 그 결과를 바탕으로 문제점을 파악하는 검사입니다.  따라서 개발자의 장소에서 개발자의 감독 하에 이루어지는 검사라는 문제의 조건과는 맞지 않습니다.  동치 분할 검사는 테스트 케이스를 효율적으로 설계하는 기법이고, 형상 검사는 소프트웨어의 변경 사항을 관리하는 기법이므로 문제의 조건과는 무관합니다.  결론적으로, 개발자의 장소에서 사용자와 개발자가 함께 소프트웨어를 검사하는 상황은 알파 검사의 정의와 정확히 일치합니다.",79,19
38,1,1,38,하향식 통합에 있어서 모듈 간의 통합 시험을 위해 일시적으로 필요한 조건만을 가지고 임시로 제공되는 시험용 모듈을 무엇이라고 하는가?,,Stub,Driver,Procedure,Function,1,"하향식 통합 방식은 큰 모듈부터 통합하여 시스템을 구축하는 방식입니다.  이때, 아직 개발되지 않은 하위 모듈과의 인터페이스를 테스트하기 위해 임시로 기능을 제공하는 모듈이 필요합니다.  이러한 임시 모듈은 실제 기능을 구현하지 않고, 하위 모듈이 호출했을 때 미리 정의된 값을 반환하거나, 특정 동작을 시뮬레이션하는 역할을 합니다.  문제에서 설명하는 ""일시적으로 필요한 조건만을 가지고 임시로 제공되는 시험용 모듈""은 바로 이러한 역할을 하는 모듈을 의미하며, 이를  ""Stub"" 이라고 합니다.  반대로 상위 모듈을 테스트하기 위해 하위 모듈을 대신하는 임시 모듈은 ""Driver""라고 합니다.  ""Procedure""와 ""Function""은 프로그램의 구성 요소를 나타내는 일반적인 용어이지, 하향식 통합에서 특별히 사용되는 시험용 모듈을 의미하지는 않습니다. 따라서, 하향식 통합에서 하위 모듈을 대체하는 임시 모듈인 ""Stub""이 정답입니다.",82,14
39,1,1,39,SW 패키징 도구 활용 시 고려 사항과 거리가 먼 것은?,,패키징 시 사용자에게 배포되는 SW이므로 보안을 고려한다.,사용자 편의성을 위한 복합성 및 비효율성 문제를 고려한다.,보안상 단일 기종에서만 사용할 수 있도록 해야 한다.,제품 SW 종류에 적합한 암호화 알고리즘을 적용한다.,3,"SW 패키징은 소프트웨어를 사용자에게 배포하기 위한 과정입니다.  마치 선물을 포장하듯, 소프트웨어를 사용하기 쉽고 안전하게 전달하는 데 초점을 맞춥니다.  따라서 패키징 과정에서는 사용자의 편의성을 높이고, 소프트웨어의 보안을 강화하는 데 신경 써야 합니다.  보안을 위해 적절한 암호화 알고리즘을 사용하는 것도 중요한 고려사항입니다. 하지만 소프트웨어를 단일 기종에서만 사용하도록 제한하는 것은 사용자의 편의성을 떨어뜨리고, 소프트웨어의 활용성을 저해하는 요소입니다.  소프트웨어는 다양한 환경에서 작동하도록 설계되는 것이 일반적이며, 특정 기종에만 국한하는 것은 오히려 비효율적이고 시장 경쟁력을 낮추는 결과를 초래할 수 있습니다.  따라서 단일 기종에서만 사용하도록 제한하는 것은 SW 패키징 도구 활용 시 고려 사항과 거리가 멉니다.",89,16
40,1,1,40,외계인코드(Alien Code)에 대한 설명으로 옳은 것은?,,프로그램의 로직이 복잡하여 이해하기 어려운 프로그램을 의미한다.,아주 오래되거나 참고문서 또는 개발자가 없어 유지보수 작업이 어려운 프로그램을 의미한다.,오류가 없어 디버깅 과정이 필요 없는 프로그램을 의미한다.,사용자가 직접 작성한 프로그램을 의미한다.,2,"외계인 코드(Alien Code)는 오랫동안 방치되어 관리가 제대로 되지 않거나, 원래 개발자를 찾을 수 없어 유지보수가 매우 어려운 프로그램을 의미합니다. 마치 외계인이 만든 것처럼 이해하기 어렵고 수정하기 힘든 코드라는 뜻에서 비유적으로 사용하는 용어입니다.  프로그램의 로직이 복잡하다고 해서 무조건 외계인 코드라고 부르는 것은 아니며, 오류가 없거나 사용자가 직접 작성했다고 해서 외계인 코드라고 할 수 없습니다.  핵심은 '유지보수의 어려움'에 있습니다.  오래된 코드는 문서화가 부족하거나 코드 자체가 시대에 뒤떨어진 기술로 작성되어 있을 가능성이 높고, 이는 유지보수 비용과 시간을 엄청나게 증가시키는 주요 원인이 됩니다.  따라서,  유지보수가 어려운 프로그램을 설명하는 가장 적절한 답변은 오래되고 참고문서나 개발자가 없어 유지보수가 어려운 프로그램을 의미하는 것입니다.",82,17
41,1,1,41,SQL 의 분류 중 DDL에 해당하지 않는 것은?,,UPDATE,ALTER,DROP,CREATE,1,"SQL은 데이터베이스를 관리하고 조작하는 데 사용되는 언어입니다.  SQL은 크게 데이터 정의어(DDL), 데이터 조작어(DML), 데이터 제어어(DCL)로 나눌 수 있습니다.  DDL은 데이터베이스의 구조를 정의하는 명령어들을 포함합니다.  예를 들어, 데이터베이스나 테이블을 생성(CREATE), 수정(ALTER), 삭제(DROP)하는 명령어들이 DDL에 속합니다. 반면에,  UPDATE 명령어는 이미 존재하는 테이블의 데이터를 변경하는 명령어이므로 데이터를 조작하는 DML에 속합니다. 따라서,  데이터베이스의 구조를 정의하는 DDL에 해당하지 않는 것은 데이터를 변경하는 명령어입니다.",74,27
42,1,1,42,다음 두 릴레이션에서 외래키로 사용된 것은? (단 밑줄 친 속성은 기본키이다.),https://www.cbtbank.kr/images/iz/iz20200606/iz20200606m42.gif,수강번호,과목번호,학번,과목명,2,"두 릴레이션 '과목'과 '수강'을 살펴보면, '과목' 릴레이션에는 과목에 대한 정보(과목번호, 과목명)가 저장되어 있고, '수강' 릴레이션에는 수강생의 정보(수강번호, 학번, 학기)와 어떤 과목을 수강했는지에 대한 정보(과목번호)가 저장되어 있습니다.  '수강' 릴레이션에서 '과목번호'는 '과목' 릴레이션의 '과목번호'를 참조하고 있습니다.  즉, '수강' 릴레이션의 '과목번호'는 다른 릴레이션인 '과목' 릴레이션의 기본키를 참조하는 외래키 역할을 합니다.  '수강' 릴레이션에서 어떤 학생이 어떤 과목을 수강했는지 연결하는 역할을 하는 것이 바로 '과목번호'인 것입니다.  마치 주민등록번호처럼,  '과목번호'는 '과목' 릴레이션에서 과목을 유일하게 식별하는 키이고, '수강' 릴레이션에서는 그 과목을 참조하여 수강 정보를 연결하는 역할을 수행합니다.  따라서 '수강' 릴레이션에서 외래키로 사용된 것은 '과목번호'입니다.",86,29
43,1,1,43,데이터 무결성 제약조건 중 “개체 무결성 제약”조건에 대한 설명으로 맞는 것은?,,릴레이션 내의 튜플들이 각 속성의 도메인에 지정된 값만을 가져야 한다.,기본키에 속해 있는 애트리뷰트는 널값이나 중복값을 가질 수 없다.,릴레이션은 참조할 수 없는 외래키 값을 가질 수 없다.,외래키 값은 참조 릴레이션의 기본키 값과 동일해야 한다.,2,"데이터 무결성이란 데이터베이스에 저장된 데이터의 정확성과 신뢰성을 유지하는 것을 의미합니다.  여러 가지 제약 조건들이 데이터 무결성을 보장하는데, 그 중 ""개체 무결성 제약""은 기본키에 대한 제약 조건입니다.  기본키는 테이블 내 각 행(튜플)을 유일하게 식별하는 속성(애트리뷰트)의 집합입니다.  따라서 기본키를 구성하는 속성들은 절대로 빈 값(널값)이나 중복된 값을 가질 수 없습니다.  만약 널값이나 중복값을 허용한다면, 각 행을 유일하게 식별할 수 없어 데이터베이스의 정확성과 신뢰성이 떨어지게 되겠죠.  마치 사람의 주민등록번호처럼, 각 개인을 유일하게 구분하기 위해서는 중복되거나 비어있어서는 안되는 것과 같은 이치입니다.  따라서 정답은 기본키에 속한 애트리뷰트는 널값이나 중복값을 가질 수 없다는 설명입니다. 다른 선지는 외래키에 대한 제약 조건을 설명하고 있습니다.",76,33
44,1,1,44,뷰(view)에 대한 설명으로 옳지 않은 것은?,,뷰는 CREATE 문을 사용하여 정의한다.,뷰는 데이터의 논리적 독립성을 제공한다.,뷰를 제거할 때에는 DROP 문을 사용한다.,뷰는 저장장치 내에 물리적으로 존재한다.,4,"뷰(view)는 데이터베이스에 저장된 실제 데이터가 아닌, 기존 테이블의 데이터를 기반으로 가상적으로 생성된 테이블입니다.  마치 특정 테이블의 일부분만 보여주는 창문과 같은 역할을 하죠.  따라서 뷰는 실제 데이터를 저장하는 공간이 아니라,  데이터베이스에 물리적으로 저장되지 않고,  데이터베이스 시스템이 필요할 때마다 기존 테이블의 데이터를 참조하여 가상의 테이블을 생성합니다.  뷰를 통해 데이터에 접근하는 방식을 제어하고, 복잡한 쿼리를 간단하게 만들 수 있으며, 데이터의 논리적 독립성을 제공하여 데이터 구조 변경 시에도 뷰를 사용하는 애플리케이션에 영향을 최소화할 수 있습니다.  문제에서 틀린 설명은 뷰가 저장장치 내에 물리적으로 존재한다는 부분입니다.  뷰는 물리적으로 저장되지 않고,  필요할 때마다 동적으로 생성되는 가상 테이블이기 때문입니다.  CREATE 문으로 정의하고, DROP 문으로 제거하는 것은 맞는 설명입니다.",76,28
45,1,1,45,다음 SQL 문의 실행 결과는?,https://www.cbtbank.kr/images/iz/iz20200606/iz20200606m45.gif,"10,000","15,000","20,000","25,000",4,"이 문제는 두 개의 테이블, `도서` 테이블과 `도서가격` 테이블을 사용하여 특정 책의 가격을 찾는 SQL 쿼리를 다루고 있습니다.  먼저 안쪽의 `SELECT` 문 (서브쿼리) 에서 '자료구조'라는 책의 책번호를 찾습니다. `도서` 테이블을 조회하여 책명이 '자료구조'인 행을 찾으면, 그 행의 책번호(222)가 얻어집니다.  이렇게 얻어진 책번호(222)는 바깥쪽 `SELECT` 문의 `WHERE` 절에 사용됩니다. 바깥쪽 `SELECT` 문은 `도서가격` 테이블에서 책번호가 222인 행의 가격을 찾습니다. `도서가격` 테이블을 보면 책번호 222의 가격은 25,000원입니다. 따라서 최종적으로 SQL 쿼리는 25,000이라는 결과를 반환합니다.  쉽게 말해,  '자료구조'라는 책의 책번호를 먼저 찾고, 그 책번호를 이용하여 해당 책의 가격을 찾는 과정입니다. 마치 주민등록번호를 이용하여 주민등록상의 정보를 찾는 것과 같은 원리라고 생각하면 이해하기 쉬울 것입니다.",89,28
46,1,1,46,데이터베이스의 논리적 설계(logical design) 단계에서 수행하는 작업이 아닌 것은?,,레코드 집중의 분석 및 설계,논리적 데이터베이스 구조로 매핑(mapping),트랜잭션 인터페이스 설계,스키마의 평가 및 정제,1,"데이터베이스의 논리적 설계 단계는 데이터베이스가 어떻게 구성될지 개념적으로 설계하는 단계입니다.  마치 건물을 짓기 전에 설계도를 그리는 것과 같습니다.  이 단계에서는 데이터베이스에 어떤 정보가 저장될지, 그 정보들 간의 관계는 어떻게 될지 등을 정의합니다.  제시된 선택지 중에서 레코드 집중 분석, 논리적 데이터베이스 구조 매핑, 스키마 평가 및 정제는 모두 논리적 설계 단계에서 수행하는 작업입니다.  레코드 집중 분석은 데이터 중복을 줄이고 효율적인 데이터 구조를 설계하기 위한 분석이고, 논리적 데이터베이스 구조 매핑은 개념적인 데이터 모델을 실제 데이터베이스 구조로 변환하는 작업이며, 스키마 평가 및 정제는 설계된 데이터베이스 구조의 완성도를 높이기 위한 검토 및 수정 과정입니다.  반면, 트랜잭션 인터페이스 설계는 데이터베이스와 사용자 또는 다른 시스템 간의 데이터 교환 방식을 설계하는 것으로, 논리적 설계 단계보다는 물리적 설계 단계 또는 구현 단계에서 주로 고려되는 사항입니다.  논리적 설계는 데이터 자체의 구조와 관계에 집중하는 반면, 트랜잭션 인터페이스는 데이터를 어떻게 주고받을지에 초점을 맞추기 때문입니다. 따라서 트랜잭션 인터페이스 설계는 논리적 설계 단계에서 수행하는 작업이 아닙니다.",45,30
47,1,1,47,이행적 함수 종속 관계를 의미하는 것은?,,"A→B이고 B→C 일 때, A→C를 만족하는 관계","A→B이고 B→C 일 때, C→A를 만족하는 관계","A→B이고 B→C 일 때, B→A를 만족하는 관계","A→B이고 B→C 일 때, C→B를 만족하는 관계",1,"이 문제는 이행적 함수 종속성의 개념을 묻고 있습니다. 함수 종속성이란, 어떤 속성(A)의 값이 결정되면 다른 속성(B)의 값도 결정되는 관계를 말합니다.  A → B 라고 표기합니다.  문제에서 A → B 이고 B → C 라는 함수 종속성이 주어졌습니다. 이는 A의 값이 결정되면 B의 값이 결정되고, B의 값이 결정되면 C의 값이 결정된다는 의미입니다. 따라서, 결국 A의 값이 결정되면 C의 값도 결정되는 관계가 성립합니다. 이것이 바로 이행적 함수 종속성(A → C)입니다.  다른 선지는 A, B, C 속성 간의 관계가 이행적 함수 종속성의 정의와 일치하지 않습니다.  쉽게 말해, A가 B를 결정하고, B가 C를 결정하면, A는 C를 결정한다는 것이 이행적 함수 종속성의 핵심입니다.  마치 도미노처럼 A가 쓰러지면 B가 쓰러지고, B가 쓰러지면 C가 쓰러지는 것과 같은 원리입니다.",85,29
48,1,1,48,하나의 애트리뷰트가 가질 수 있는 원자값들의 집합을 의미하는 것은?,,도메인,튜플,엔티티,다형성,1,"하나의 애트리뷰트(속성)가 가질 수 있는 값들의 집합을 묻는 문제입니다.  데이터베이스를 설계할 때, 각 속성(예를 들어, '나이'라는 속성)은 어떤 값들을 가질 수 있을까요?  '나이'라는 속성은 음수가 될 수 없고, 아주 큰 수도 현실적으로 불가능하겠죠.  따라서 '나이'라는 속성은 0 이상의 어떤 범위의 정수 값을 가질 수 있을 것입니다. 이처럼 특정 속성이 가질 수 있는 값들의 전체 집합을 도메인이라고 합니다.  예를 들어, '성별'이라는 애트리뷰트의 도메인은 '남자', '여자' 와 같이 제한된 값들의 집합이 될 것입니다. 다른 선택지는 데이터베이스의 다른 개념을 나타냅니다. 튜플은 테이블의 한 행을, 엔티티는 실세계의 개체를, 다형성은 객체지향 프로그래밍의 개념을 의미합니다. 따라서 애트리뷰트가 가질 수 있는 값들의 집합을 가장 정확하게 나타내는 용어는 도메인입니다.  쉽게 말해,  어떤 속성에 들어갈 수 있는 값들의 목록이라고 생각하면 됩니다.",66,27
49,1,1,49,"STUDENT 테이블에 독일어과 학생 50명, 중국어과 학생 30명, 영어영문학과 학생 50명의 정보가 저장되어 있을 때, 다음 두 SQL문의 실행 결과 튜플 수는? (단, DEPT 컬럼은 학과명)",https://www.cbtbank.kr/images/iz/iz20200606/iz20200606m49.gif,"ⓐ 3, ⓑ 3","ⓐ 50, ⓑ 3","ⓐ 130, ⓑ 3","ⓐ 130, ⓑ 130",3,"이 문제는 SQL의 SELECT 문에서 DISTINCT 키워드의 역할을 이해하고 있는지 묻는 문제입니다.  STUDENT 테이블에는 독일어과, 중국어과, 영어영문학과 학생들의 정보가 저장되어 있습니다.  첫 번째 SQL 문인 `SELECT DEPT FROM STUDENT;`는 STUDENT 테이블에서 DEPT(학과명) 컬럼의 모든 값을 가져오는 명령어입니다.  따라서 독일어과 학생 50명, 중국어과 학생 30명, 영어영문학과 학생 50명의 정보가 각각 50, 30, 50개의 행으로 나타나므로 총 130개의 튜플(행)이 결과로 출력됩니다.  두 번째 SQL 문인 `SELECT DISTINCT DEPT FROM STUDENT;`는  `DISTINCT` 키워드 때문에 중복된 학과명을 제거하고 유일한 학과명만을 출력합니다.  테이블에는 독일어과, 중국어과, 영어영문학과 세 개의 학과만 존재하므로, 결과는 독일어과, 중국어과, 영어영문학과 세 개의 튜플(행)만 출력됩니다.  따라서 첫 번째 SQL 문의 결과는 130개의 튜플이고, 두 번째 SQL 문의 결과는 3개의 튜플입니다.",82,27
50,1,1,50,관계대수 연산에서 두 릴레이션이 공통으로 가지고 있는 속성을 이용하여 두 개의 릴레이션을 하나로 합쳐서 새로운 릴레이션을 만드는 연산은?,,https://www.cbtbank.kr/images/iz/iz20200606/iz20200606m50b1.gif,https://www.cbtbank.kr/images/iz/iz20200606/iz20200606m50b2.gif,https://www.cbtbank.kr/images/iz/iz20200606/iz20200606m50b3.gif,https://www.cbtbank.kr/images/iz/iz20200606/iz20200606m50b4.gif,1,"두 개의 릴레이션(관계형 데이터베이스의 테이블이라고 생각하면 쉬워요)을 하나로 합치는 연산을 묻는 문제입니다.  두 릴레이션이 공통으로 가지고 있는 속성(테이블의 열, 즉 데이터의 종류라고 생각하면 돼요)을 이용한다는 점이 중요한 힌트입니다.  예를 들어,  '학생' 테이블과 '성적' 테이블이 있다고 가정해 봅시다.  '학생' 테이블에는 학생의 이름과 학번이, '성적' 테이블에는 학번과 점수가 있다고 하면, 두 테이블 모두 '학번'이라는 공통 속성을 가지고 있죠.  이 공통 속성인 '학번'을 이용하여 두 테이블을 합치면, 학생의 이름, 학번, 점수가 모두 포함된 하나의 새로운 테이블을 만들 수 있습니다. 이러한 연산을 관계대수에서는 **조인(JOIN)** 연산이라고 합니다. 조인 연산은 공통 속성을 기준으로 두 테이블의 행들을 연결하여 새로운 테이블을 생성하는 것이죠.  따라서 문제에서 설명하는 연산은 조인 연산입니다.  비전공자도 이해하기 쉽게 설명하자면, 레고 블록을 조립하는 것과 비슷하다고 생각할 수 있습니다.  각각의 레고 블록이 테이블이고,  블록을 연결하는 부분이 공통 속성입니다.  공통 부분을 이용해서 블록들을 연결하여 더 큰 블록(새로운 테이블)을 만드는 것이죠.",82,29
51,1,1,51,트랜잭션의 특성 중 다음 설명에 해당하는 것은?,https://www.cbtbank.kr/images/iz/iz20200606/iz20200606m51.gif,Durability,Share,Consistency,Atomicity,4,"문제에서 제시된 설명은 ""트랜잭션의 연산은 데이터베이스에 모두 반영되든지 아니면 전혀 반영되지 않아야 한다"" 입니다.  이는 데이터베이스의 일관성을 유지하기 위한 매우 중요한 개념입니다.  예를 들어, 은행 계좌 이체를 생각해 봅시다. A 계좌에서 B 계좌로 1000원을 이체하는 트랜잭션이 있다고 가정해 봅시다. 이 트랜잭션은 A 계좌에서 1000원을 차감하고 B 계좌에 1000원을 추가하는 두 가지 연산으로 구성됩니다.  만약 A 계좌에서 1000원을 차감하는 연산은 성공했지만, B 계좌에 1000원을 추가하는 연산이 실패한다면 데이터베이스는 일관성을 잃게 됩니다.  즉, 돈이 사라진 상태가 되는 것이죠.  이러한 상황을 방지하기 위해 트랜잭션은 '모두 성공하거나 모두 실패'하는 특성을 가져야 합니다. 이것이 바로 '원자성(Atomicity)'입니다.  원자성 덕분에 데이터베이스는 항상 일관된 상태를 유지할 수 있으며, 부분적인 변경으로 인한 오류를 예방할 수 있습니다.  따라서 문제의 설명은 원자성(Atomicity)의 개념을 정확하게 설명하고 있습니다.",73,27
52,1,1,52,분산 데이터베이스 목표 중 “데이터베이스의 분산된 물리적 환경에서 특정 지역의 컴퓨터 시스템이나 네트워크에 장애가 발생해도 데이터 무결성이 보장된다”는 것과 관계있는 것은?,,장애 투명성,병행 투명성,위치 투명성,중복 투명성,1,"문제에서 분산 데이터베이스의 목표 중 하나로 특정 지역의 시스템 장애에도 데이터 무결성이 유지되는 것을 언급하고 있습니다. 이는 시스템의 어떤 부분에 장애가 발생하더라도 사용자는 그 사실을 인지하지 못하고, 마치 장애가 없는 것처럼 시스템을 계속 사용할 수 있음을 의미합니다.  즉, 장애가 발생했음에도 불구하고 시스템은 정상적으로 작동하는 것처럼 보이는 투명성을 제공하는 것입니다.  이러한 특징을 가장 잘 나타내는 용어가 바로 ""장애 투명성""입니다. 다른 선지는 데이터베이스의 물리적 위치, 병행 처리, 데이터 중복과 관련된 투명성을 나타내므로 문제의 상황과는 직접적인 관련이 없습니다. 따라서 특정 지역의 컴퓨터 시스템이나 네트워크 장애에도 데이터 무결성이 보장되는 분산 데이터베이스의 목표는 장애 투명성을 통해 달성됩니다.  이는 정보처리기사 공식 교재에서 분산 데이터베이스의 주요 특징으로 설명되는 내용입니다.",71,31
53,1,1,53,"데이터베이스 시스템에서 삽입, 갱신, 삭제 등의 이벤트가 발생할 때마다 관련 작업이 자동으로 수행되는 절차형 SQL은?",,트리거(trigger),무결성(integrity),잠금(lock),복귀(rollback),1,"데이터베이스 시스템에서 데이터가 변경될 때(삽입, 갱신, 삭제) 특정 작업을 자동으로 수행하도록 하는 기능이 필요하다고 생각해 보세요.  예를 들어, 상품의 재고가 0이 되면 자동으로 '품절' 상태로 변경하거나, 회원 정보가 변경될 때마다 변경 내역을 기록하는 등의 작업이 필요할 수 있습니다. 이러한 자동화된 작업을 처리하는 것이 바로 '트리거'입니다.  트리거는 데이터베이스 이벤트에 반응하여 미리 정의된 SQL 문을 자동으로 실행하는 절차형 SQL 기능입니다.  다른 선택지들은 데이터베이스의 무결성, 데이터 접근 제어, 트랜잭션의 복구 등과 관련된 개념이지만, 데이터 변경 이벤트에 따라 자동으로 특정 작업을 수행하는 기능은 트리거만이 가지고 있습니다.  따라서 데이터베이스 이벤트 발생 시 자동으로 관련 작업을 수행하는 절차형 SQL은 트리거라고 할 수 있습니다.",82,25
54,1,1,54,참조 무결성을 유지하기 위하여 DROP문에서 부모 테이블의 항목 값을 삭제할 경우 자동적으로 자식 테이블의 해당 레코드를 삭제하기 위한 옵션은?,,CLUSTER,CASCADE,SET-NULL,RESTRICTED,2,"부모 테이블과 자식 테이블이 있는 관계형 데이터베이스에서 부모 테이블의 데이터를 삭제할 때, 자식 테이블의 관련 데이터를 어떻게 처리할 것인지를 결정하는 옵션이 문제에서 묻고 있습니다.  참조 무결성이란 데이터베이스의 정확성과 일관성을 유지하기 위한 중요한 개념입니다.  자식 테이블은 부모 테이블에 종속적인데, 부모 테이블의 데이터가 삭제되면 자식 테이블의 관련 데이터도 일관성을 유지하기 위해 적절히 처리되어야 합니다.  정답으로 제시된 옵션은 부모 테이블의 항목이 삭제될 때, 자식 테이블에 있는 해당 부모 항목과 관련된 모든 레코드를 자동으로 함께 삭제하는 기능을 제공합니다.  이는 데이터베이스의 참조 무결성을 유지하는 가장 직관적이고 효율적인 방법입니다. 다른 옵션들은 부모 데이터 삭제 시 자식 데이터 처리에 대한 다른 규칙을 정의하지만, 문제에서 요구하는 ""자동적으로 자식 테이블의 해당 레코드를 삭제""하는 조건을 만족하지 못합니다.  마치 나무의 가지를 잘라내면 그 가지에 달린 잎들도 함께 제거되는 것과 같은 원리입니다.  따라서 부모 테이블의 데이터 삭제와 동시에 자식 테이블의 관련 데이터도 함께 삭제하는 옵션이 참조 무결성을 유지하는 데 가장 적합합니다.",77,27
55,1,1,55,DML에 해당하는 SQL 명령으로만 나열된 것은?,,"DELETE, UPDATE, CREATE, ALTER","INSERT, DELETE, UPDATE, DROP","SELECT, INSERT, DELETE, UPDATE","SELECT, INSERT, DELETE, ALTER",3,"이 문제는 데이터베이스를 조작하는 SQL 명령어 중 DML(Data Manipulation Language, 데이터 조작 언어)에 해당하는 명령어만을 고르는 문제입니다.  SQL은 데이터베이스를 관리하는 데 사용되는 표준 언어인데, 크게 DDL(Data Definition Language, 데이터 정의 언어), DML, DCL(Data Control Language, 데이터 제어 언어)로 나뉩니다.",81,26
56,1,1,56,데이터 제어언어(DCL)의 기능으로 옳지 않은 것은?,,데이터 보안,"논리적, 물리적 데이터 구조 정의",무결성 유지,병행수행 제어,2,"데이터 제어 언어(DCL)은 데이터베이스 시스템에서 데이터에 대한 접근 권한을 관리하고 제어하는 데 사용되는 언어입니다.  쉽게 말해, 누가 어떤 데이터를 볼 수 있고, 수정할 수 있고, 삭제할 수 있는지를 설정하는 역할을 합니다.  데이터 보안, 무결성 유지, 병행 수행 제어 등은 모두 데이터베이스의 안전성과 효율적인 운영을 위해 DCL이 담당하는 중요한 기능입니다.  하지만 데이터베이스의 논리적, 물리적 구조 자체를 정의하는 것은 데이터 정의 언어(DDL)의 영역입니다.  DDL은 테이블, 뷰, 인덱스 등 데이터베이스의 기본적인 구조를 만드는 명령어들을 제공하는 반면, DCL은 이미 만들어진 데이터베이스 구조에 대한 접근 권한을 관리하는 데 초점을 맞춥니다. 따라서 데이터베이스의 논리적, 물리적 구조를 정의하는 것은 DCL의 기능이 아니라고 할 수 있습니다.  마치 건물의 설계도를 그리는 것이 DDL이라면, 건물 출입문의 자물쇠와 출입 권한을 관리하는 것이 DCL이라고 생각하면 이해하기 쉬울 것입니다.",67,26
57,1,1,57,병행제어의 로킹(Locking) 단위에 대한 설명으로 옳지 않은 것은?,,"데이터베이스, 파일, 레코드 등은 로킹 단위가 될 수 있다.",로킹 단위가 작아지면 로킹 오버헤드가 감소한다.,로킹 단위가 작아지면 데이터베이스 공유도가 증가한다.,한꺼번에 로킹 할 수 있는 객체의 크기를 로킹 단위라고 한다.,2,"병행 제어에서 로킹(Locking)은 여러 사용자가 동시에 데이터베이스를 접근하여 데이터의 일관성을 유지하기 위해 사용하는 중요한 기법입니다.  여러 사용자가 동시에 같은 데이터를 변경하려고 시도하면 데이터가 손상될 수 있기 때문에, 로킹을 통해 특정 사용자에게만 데이터에 대한 접근 권한을 일시적으로 부여합니다.  로킹 단위는 한 번에 잠글 수 있는 데이터의 크기를 의미하는데, 이 단위가 작을수록 더 세분화된 접근 제어가 가능해집니다.  예를 들어, 로킹 단위가 전체 데이터베이스라면 한 사용자가 데이터베이스 전체를 잠그게 되어 다른 사용자는 아무것도 할 수 없게 됩니다. 반면 로킹 단위가 레코드 단위라면 특정 레코드만 잠그고 다른 레코드는 다른 사용자가 접근할 수 있게 됩니다.",77,31
58,1,1,58,E-R 모델의 표현 방법으로 옳지 않은 것은?,,개체타입: 사각형,관계타입: 마름모,속성: 오각형,연결: 선,3,"E-R 모델은 데이터베이스 설계에 사용되는 개체-관계 모델입니다.  데이터베이스를 구성하는 요소들을 시각적으로 표현하여 설계 과정을 효율적으로 관리하고 이해하기 쉽도록 도와줍니다.  개체(Entity)는 사각형으로, 관계(Relationship)는 마름모로, 속성(Attribute)은 타원형으로 표현하는 것이 일반적입니다.  개체와 관계, 속성 사이의 연결은 선으로 나타냅니다.  문제에서 오각형으로 속성을 표현하는 것은 E-R 모델의 표준 표현 방식과 일치하지 않으므로 옳지 않은 표현 방법입니다.  E-R 다이어그램을 그릴 때 일관된 기호를 사용하는 것이 중요하며, 이는 다른 사람들이 다이어그램을 이해하고 해석하는 데 도움이 됩니다.  따라서 오각형을 속성으로 사용하는 것은 E-R 다이어그램의 표준적인 표현법을 따르지 않아 잘못된 것입니다.",87,30
59,1,1,59,다음 설명의 ( )안에 들어갈 내용으로 적합한 것은?,https://www.cbtbank.kr/images/iz/iz20200606/iz20200606m59.gif,중복성,최소성,참조성,동일성,2,"후보키는 테이블 내의 각 행(튜플)을 유일하게 식별하는 데 사용되는 속성 또는 속성들의 집합입니다.  유일성이란, 후보키를 구성하는 속성값들의 조합이 테이블 내 모든 행에서 중복되지 않아야 함을 의미합니다.  그런데 유일성만으로는 후보키가 될 수 없습니다.  예를 들어, 학생 테이블에서 '학번'과 '주민등록번호'가 모두 유일한 값을 가진다고 가정해봅시다.  이 경우 '학번'과 '주민등록번호' 모두 유일성 조건을 만족하지만,  '주민등록번호'는 '학번'으로 학생을 충분히 식별할 수 있으므로 불필요한 정보입니다.  따라서 후보키는 유일성과 함께 최소성, 즉 더 이상 속성을 줄일 수 없는 최소한의 속성 집합이어야 합니다.  '최소성'을 만족하지 않으면 불필요한 정보를 포함하게 되어 데이터베이스의 효율성을 떨어뜨리게 됩니다.  따라서 후보키는 유일성과 최소성을 모두 만족해야 합니다.",78,29
60,1,1,60,정규화 과정 중 1NF에서 2NF가 되기 위한 조건은?,,1NF를 만족하는 모든 도메인이 원자 값이어야 한다.,1NF를 만족하고 키가 아닌 모든 애트리뷰트들이 기본 키에 이행적으로 함수 종속되지 않아야 한다.,1NF를 만족하고 다치 종속이 제거되어야 한다.,1NF를 만족하고 키가 아닌 모든 속성이 기본키에 대하여 완전 함수적 종속 관계를 만족해야 한다.,4,"데이터베이스 정규화는 데이터 중복을 최소화하고 데이터 무결성을 유지하기 위해 데이터베이스를 체계적으로 구성하는 과정입니다.  1NF(제1정규형)는 각 속성(애트리뷰트)이 원자값을 가져야 한다는 조건을 만족해야 합니다. 즉, 하나의 속성에 여러 값을 저장할 수 없다는 의미입니다.  이를 만족하는 데이터베이스가 1NF를 만족한다고 합니다.",57,30
61,1,1,61,IPv6에 대한 설명으로 틀린 것은?,,128비트의 주소 공간을 제공한다.,인증 및 보안 기능을 포함하고 있다.,패킷 크기가 64Kbyte로 고정되어 있다.,IPv6 확장 헤더를 통해 네트워크 기능 확장이 용이하다.,3,"IPv6는 인터넷 프로토콜 버전 6으로, 기존 IPv4의 주소 부족 문제를 해결하기 위해 개발된 차세대 인터넷 프로토콜입니다.  IPv4가 32비트 주소를 사용하는 반면, IPv6는 128비트의 훨씬 넓은 주소 공간을 제공하여 엄청난 수의 장치에 고유한 IP 주소를 할당할 수 있습니다. 또한, 보안 기능을 강화하여 네트워크의 안전성을 높였습니다.  IPv6 확장 헤더는 다양한 네트워크 기능을 추가할 수 있도록 유연성을 제공합니다. 하지만,  패킷 크기는 고정되어 있지 않고, 최대 크기만 정의되어 있습니다.  따라서 패킷 크기가 64Kbyte로 고정되어 있다는 설명은 틀린 것입니다.  마치 집 주소를 생각해보세요. IPv4는 주소가 부족해서 집집마다 주소를 제대로 부여하기 어려웠지만, IPv6는 훨씬 더 많은 주소를 제공하여 모든 집에 충분한 주소를 줄 수 있게 된 것입니다.  그리고 IPv6는 도둑이 들어오지 못하도록 보안 시스템을 더욱 강화한 것과 같습니다.",80,45
62,1,1,62,C언어에서 비트 논리연산자에 해당하지 않는 것은?,,^,?,&,~,2,"C언어에서 비트 논리 연산자는 컴퓨터가 숫자를 2진수(0과 1로 이루어진 수)로 처리할 때, 각 비트(0 또는 1) 단위로 연산을 수행하는 연산자입니다.  '&'(AND), '|'(OR), '^'(XOR), '~'(NOT) 등이 대표적인 비트 논리 연산자입니다.  예를 들어, '&' 연산자는 두 비트가 모두 1일 때만 1을 결과로 반환하고, 나머지는 0을 반환합니다.  '|' 연산자는 두 비트 중 하나라도 1이면 1을, 모두 0일 때만 0을 반환합니다. '^' 연산자는 두 비트가 다를 때 1을, 같을 때 0을 반환합니다. '~' 연산자는 비트를 반전시키는 연산자입니다.  문제에서 제시된 옵션 중 '?'는 C언어의 비트 논리 연산자가 아닙니다. '?'는 조건 연산자로, 세 개의 피연산자를 가지고 조건에 따라 값을 반환하는 연산자입니다.  따라서, C언어의 비트 논리 연산자에 해당하지 않는 것은 '?'입니다.  비트 논리 연산자는 비트 단위의 연산을 수행하는 반면, '?'는 조건에 따라 값을 선택하는 연산이기 때문에 전혀 다른 종류의 연산자라고 할 수 있습니다.  마치 더하기와 곱하기가 다른 연산처럼 말이죠.",69,41
63,1,1,63,TCP/IP 프로토콜 중 전송계층 프로토콜은?,,HTTP,SMTP,FTP,TCP,4,"TCP/IP 프로토콜은 인터넷에서 데이터를 주고받는 데 사용되는 일종의 통신 규약입니다.  이 프로토콜은 여러 계층으로 나뉘는데, 그 중 전송 계층은 데이터를 안전하고 신뢰성 있게 전달하는 역할을 합니다.  문제에서 묻고 있는 전송 계층 프로토콜은 데이터의 전송을 담당하는 프로토콜을 의미합니다.  HTTP, SMTP, FTP는 각각 웹 페이지 접근, 이메일 전송, 파일 전송을 위한 응용 계층 프로토콜입니다.  반면 TCP는 전송 계층에서 데이터의 신뢰성 있는 전달을 보장하는 프로토콜입니다.  TCP는 데이터를 패킷으로 나누어 순서대로 전송하고, 오류 검출 및 재전송 기능을 제공하여 데이터 손실이나 오류 없이 목적지에 도착하도록 합니다. 따라서 전송 계층 프로토콜로는 TCP가 가장 적합합니다.",71,45
64,1,1,64,시스템에서 모듈 사이의 결합도(Coupling)에 대한 설명으로 옳은 것은?,,한 모듈 내에 있는 처리요소들 사이의 기능적인 연관 정도를 나타낸다.,결합도가 높으면 시스템 구현 및 유지보수 작업이 쉽다.,모듈간의 결합도를 약하게 하면 모듈 독립성이 향상된다.,자료결합도는 내용결합도 보다 결합도가 높다.,3,"시스템에서 모듈이란, 특정 기능을 수행하는 독립적인 코드의 단위라고 생각하면 됩니다.  마치 레고 블록처럼, 각각의 블록(모듈)이 특정 기능을 담당하고, 여러 블록을 조합하여 전체 시스템을 만드는 것이죠.  결합도(Coupling)는 이러한 모듈들 간의 의존성 정도를 나타내는 척도입니다.  결합도가 높다는 것은 모듈들이 서로 긴밀하게 연결되어 있어, 하나의 모듈을 변경하면 다른 모듈에도 영향을 미칠 가능성이 높다는 것을 의미합니다. 반대로 결합도가 낮으면 모듈들이 서로 독립적으로 작동하여, 하나의 모듈을 변경하더라도 다른 모듈에는 영향을 거의 미치지 않습니다.  따라서 모듈 간의 결합도를 약하게 하는 것은 각 모듈의 독립성을 높여주고, 시스템의 유지보수 및 변경을 쉽게 만들어줍니다.  높은 결합도는 시스템을 복잡하게 만들고, 오류 수정이나 기능 추가 시 예상치 못한 문제를 발생시킬 수 있습니다.  마치 레고 블록을 아주 꽉 끼워 맞춰서 하나의 큰 블록처럼 만들면,  블록 하나를 빼내기 어렵고, 다른 블록에도 영향을 미치는 것과 같습니다.  반면에 블록들을 느슨하게 연결하면,  원하는 블록을 쉽게 빼내거나 추가할 수 있습니다.  정답은 모듈 간의 결합도를 약하게 하면 모듈의 독립성이 향상된다는 것을 설명하는 선지입니다.",69,6
65,1,1,65,은행가 알고리즘(Banker's Algorithm)은 교착상태의 해결 방법 중 어떤 기법에 해당하는가?,,Avoidance,Detection,Prevention,Recovery,1,"은행가 알고리즘은 시스템의 자원 할당을 미리 검사하여 교착상태(데드락)가 발생할 가능성이 있는지를 확인하고, 교착상태가 발생하지 않도록 자원 할당을 제어하는 기법입니다.  즉, 교착상태가 발생하기 *전에* 예방하는 것이 아니라,  교착상태가 발생할 *가능성을 미리 검토*하여 안전한 자원 할당을 결정하는 것입니다.  마치 은행원이 고객에게 돈을 빌려줄 때, 고객이 돈을 갚을 수 있는지 꼼꼼히 확인하는 것과 같습니다.  만약 고객이 돈을 갚을 능력이 없다면, 은행원은 돈을 빌려주지 않겠죠?  은행가 알고리즘도 이와 마찬가지로, 자원을 요청하는 프로세스가 자원을 할당받은 후에도 교착상태에 빠질 가능성이 있다면 자원 할당을 거부하여 교착상태를 *회피(Avoidance)*하는 것입니다.  교착상태를 감지하거나, 예방하거나, 발생 후 복구하는 것과는 다릅니다.",73,21
66,1,1,66,UNIX의 쉘(Shell)에 관한 설명으로 옳지 않은 것은?,,명령어 해석기이다.,시스템과 사용자 간의 인터페이스를 담당한다.,여러 종류의 쉘이 있다.,"프로세스, 기억장치, 입출력 관리를 수행한다.",4,"UNIX 시스템에서 쉘(Shell)은 사용자가 명령어를 입력하면 그 명령어를 해석하고 시스템에 전달하여 실행하는 역할을 합니다. 마치 시스템과 사용자 사이의 중개자 역할을 하는 것이죠.  쉽게 말해, 사용자가 컴퓨터에게 ""이 작업을 해줘!""라고 말하면, 쉘이 그 말을 컴퓨터가 이해할 수 있는 언어로 바꿔서 전달하는 역할을 합니다.  따라서 쉘은 명령어 해석기이며, 시스템과 사용자 간의 인터페이스 역할을 수행하고, 다양한 종류의 쉘(bash, zsh, csh 등)이 존재합니다. 하지만 쉘 자체는 시스템의 프로세스, 기억장치, 입출력 관리와 같은 저수준의 작업을 직접 수행하지 않습니다. 이러한 작업들은 운영체제 커널(Kernel)에서 담당하는 영역입니다. 쉘은 커널에게 작업을 요청하고, 커널이 그 작업을 수행한 결과를 사용자에게 다시 보여주는 역할에 집중합니다.  따라서  ""프로세스, 기억장치, 입출력 관리를 수행한다""는 설명은 쉘의 역할이 아니므로 옳지 않습니다.",67,44
67,1,1,67,교착 상태 발생의 필요 충분 조건이 아닌 것은?,,상호 배제(mutual exclusion),점유와 대기(hold and wait),환형 대기(circular wait),선점(preemption),4,"교착 상태(Deadlock)는 두 개 이상의 프로세스가 서로 상대방이 갖고 있는 자원을 기다리면서 영원히 진행되지 못하는 상황을 말합니다.  교착 상태가 발생하기 위한 필요충분조건은  '상호 배제', '점유와 대기', '비선점', '환형 대기' 입니다.  문제에서 제시된 보기 중 '선점'은 교착 상태 발생 조건이 아닙니다.  선점이란 한 프로세스가 다른 프로세스가 사용 중인 자원을 강제로 빼앗아 사용하는 것을 의미하는데,  만약 자원이 선점 가능하다면,  한 프로세스가 다른 프로세스가 점유하고 있는 자원을 빼앗아 사용할 수 있으므로 교착 상태에 빠질 가능성이 줄어듭니다.  즉, 자원을 선점할 수 있다면 환형 대기 상황이 발생하더라도 교착 상태에 빠지지 않을 수 있습니다. 다른 세 가지 조건은 모두 교착 상태 발생에 필수적인 요소입니다.  상호 배제는 한 번에 하나의 프로세스만 자원을 사용할 수 있도록 제한하는 것이고, 점유와 대기는 프로세스가 적어도 하나의 자원을 점유하고 다른 자원을 기다리는 상황을 말하며, 환형 대기는 여러 프로세스가 순환적으로 서로 다른 프로세스가 점유한 자원을 기다리는 상황을 의미합니다. 따라서 선점 가능한 자원은 교착 상태 발생의 필요충분조건이 아닌 것입니다.",67,44
68,1,1,68,"OSI-7계층에서 종단간 신뢰성 있고 효율적인 데이터를 전송하기 위해 오류검출과 복구, 흐름 제어를 수행하는 계층은?",,전송 계층,세션 계층,표현 계층,응용 계층,1,"OSI 7계층 모델에서 데이터를 안전하고 효율적으로 전송하는 것은 매우 중요합니다.  각 계층은 특정한 역할을 담당하는데,  데이터의 신뢰성 있는 전송을 위해 오류 검출 및 복구, 그리고 데이터 전송 속도를 조절하는 흐름 제어는 특정 계층에서 담당합니다.  우리가 편지(데이터)를 보낼 때,  상대방에게 편지가 제대로 도착했는지 확인하고,  편지가 너무 많이 몰려서 상대방이 감당하지 못하는 일이 없도록 속도를 조절하는 것과 같은 역할이라고 생각하면 됩니다.  이러한 오류 검출 및 복구, 흐름 제어 기능을 담당하는 계층이 바로 전송 계층입니다.  전송 계층은  데이터를  종단 시스템(데이터를 보내는 곳과 받는 곳) 사이에서 신뢰성 있게 전달하기 위해 다양한 프로토콜(예: TCP)을 사용하여  데이터의 순서를 보장하고,  손실된 데이터를 재전송하며,  전송 속도를 조절합니다.  다른 계층들은 각자의 역할에 집중하기 때문에,  종단 간 신뢰성 있는 데이터 전송이라는 목표를 달성하기 위해서는 전송 계층의 역할이 필수적입니다.  따라서 정답은 전송 계층입니다.",78,45
69,1,1,69,IPv6의 주소체계로 거리가 먼 것은?,,Unicast,Anycast,Broadcast,Multicast,3,"IPv6은 차세대 인터넷 프로토콜로, 기존 IPv4보다 훨씬 더 많은 IP 주소를 지원하여 인터넷 연결 장치의 폭발적인 증가에 대응하기 위해 고안되었습니다.  IPv6 주소 체계는 여러 가지 통신 방식을 지원하는데,  '유니캐스트(Unicast)'는 하나의 발신자에서 하나의 수신자로 데이터를 전송하는 방식이고, '애니캐스트(Anycast)'는 여러 대의 서버 중 가장 가까운 서버에 데이터를 전송하는 방식이며, '멀티캐스트(Multicast)'는 하나의 발신자에서 여러 수신자에게 동시에 데이터를 전송하는 방식입니다.  하지만 '브로드캐스트(Broadcast)'는 네트워크 상의 모든 장치에 데이터를 전송하는 방식인데, 이는 IPv6에서는 효율성과 보안 문제로 인해 제한적으로 사용되거나,  전혀 사용되지 않는 경향이 있습니다. IPv6에서는 브로드캐스트 대신 멀티캐스트를 사용하여 여러 대상에 효율적으로 데이터를 전달합니다. 따라서 IPv6의 주소 체계와 거리가 먼 것은 브로드캐스트 방식입니다.  IPv6은 브로드캐스트의 기능을 제한하고, 보다 효율적이고 안전한 통신을 위해 다른 방식들을 채택하고 있기 때문입니다.",74,45
70,1,1,70,TCP/IP 네트워크에서 IP 주소를 MAC 주소로 변환하는 프로토콜은?,,UDP,ARP,TCP,ICMP,2,"TCP/IP 네트워크에서 컴퓨터는 서로 통신하기 위해 IP 주소를 사용합니다.  IP 주소는 네트워크 상의 컴퓨터를 식별하는 논리적인 주소라고 생각하면 됩니다.  하지만 실제로 데이터를 주고받는 물리적인 통신은 네트워크 인터페이스 카드(NIC)의 MAC 주소를 통해 이루어집니다. MAC 주소는 각 네트워크 장비에 고유하게 할당된 물리적인 주소입니다.  IP 주소를 알고 있더라도 상대방 컴퓨터의 MAC 주소를 몰라서는 데이터를 전송할 수 없습니다.  따라서 IP 주소를 MAC 주소로 변환해주는 프로토콜이 필요한데, 이 역할을 하는 것이 바로 ARP(Address Resolution Protocol)입니다.  ARP는 네트워크 상에서 특정 IP 주소를 가지는 컴퓨터의 MAC 주소를 찾아내는 프로토콜입니다.  마치 전화번호부에서 전화번호(IP 주소)를 통해 사람의 주소(MAC 주소)를 찾는 것과 같습니다.  다른 프로토콜들은 각각 다른 네트워크 기능을 담당하기 때문에 IP 주소와 MAC 주소 변환과는 직접적인 관련이 없습니다.",71,45
71,1,1,71,프로세스 상태의 종류가 아닌 것은?,,Ready,Running,Request,Exit,3,"이 문제는 운영체제에서 프로세스의 상태를 묻고 있습니다.  프로세스는 컴퓨터가 실행 중인 프로그램을 의미하는데요, 이 프로세스는 항상 특정 상태에 있습니다.  예를 들어,  프로세스가 CPU를 할당받아 실행 중이라면 '실행' 상태이고, CPU를 할당받기 위해 대기 중이라면 '준비' 상태입니다.  프로세스가 작업을 완료하고 종료되면 '종료' 상태가 됩니다.  문제에서 제시된 '요청' 상태는 프로세스의 일반적인 상태가 아닙니다.  프로세스는 CPU를 요청하거나 자원을 요청할 수 있지만,  '요청' 자체가 프로세스의 상태를 나타내는 것은 아니죠.  '준비', '실행', '종료'는 프로세스의 생명주기에서 명확하게 구분되는 상태를 나타내는 반면, '요청'은 프로세스가 특정 상태로 전이되는 과정에서의 일시적인 상황을 표현하는 단어에 가깝습니다. 따라서 정보처리기사 공식 교재에서 설명하는 프로세스 상태의 종류와 비교해 볼 때, '요청' 상태는 프로세스의 상태로 분류되지 않습니다.",67,44
72,1,1,72,스레드(Thread)에 대한 설명으로 옳지 않은 것은?,,한 개의 프로세스는 여러 개의 스레드를 가질 수 없다.,커널 스레드의 경우 운영체제에 의해 스레드를 운용한다.,사용자 스레드의 경우 사용자가 만든 라이브러리를 사용하여 스레드를 운용한다.,"스레드를 사용함으로써 하드웨어, 운영체제의 성능과 응용 프로그램의 처리율을 향상시킬 수 있다.",1,"이 문제는 스레드(Thread)의 개념에 대한 이해도를 묻고 있습니다.  프로세스는 컴퓨터가 실행하는 프로그램의 독립적인 실행 단위라고 생각하면 됩니다.  반면 스레드는 하나의 프로세스 안에서 동시에 실행되는 더 작은 실행 단위입니다.  마치 한 집(프로세스) 안에 여러 사람(스레드)이 각자 일을 하는 것과 같습니다.  따라서 하나의 프로세스는 여러 개의 스레드를 가질 수 있습니다.  이는 스레드의 가장 기본적인 특징 중 하나입니다.  틀린 설명은 바로 이 부분을 지적하고 있습니다.  나머지 선지는 모두 스레드의 특징을 정확하게 설명하고 있습니다. 커널 스레드는 운영체제가 직접 관리하고, 사용자 스레드는 사용자 프로그램이 관리하는 방식이며, 스레드를 사용하면 여러 작업을 동시에 처리하여 시스템 성능과 응용 프로그램의 처리 속도를 향상시킬 수 있습니다.  따라서, 하나의 프로세스가 여러 개의 스레드를 가질 수 없다는 설명은 잘못된 것입니다.",79,44
73,1,1,73,HRN(Highest Response-ratio Next) 스케줄링 방식에 대한 설명으로 옳지 않은 것은?,,대기 시간이 긴 프로세스의 경우 우선 순위가 높아진다.,SJF 기법을 보완하기 위한 방식이다.,긴 작업과 짧은 작업 간의 지나친 불평등을 해소할 수 있다.,우선 순위를 계산하여 그 수치가 가장 낮은 것부터 높은 순으로 우선 순위가 부여된다.,4,"HRN 스케줄링은 프로세스의 우선순위를 결정하는 방식으로, 단순히 작업 시간만 고려하는 SJF(Shortest Job First) 스케줄링의 단점을 보완하기 위해 고안되었습니다.  SJF는 짧은 작업이 먼저 처리되므로 긴 작업은 계속 대기하게 되어, 긴 작업의 응답 시간이 매우 길어지는 문제가 있습니다.  HRN은 이러한 문제를 해결하기 위해 대기 시간을 고려하여 우선순위를 계산합니다.  대기 시간이 길수록 우선순위가 높아지도록 설계되어, 오랫동안 기다린 프로세스가 먼저 처리될 가능성이 높아집니다.  이는 긴 작업이라도 너무 오랫동안 기다리지 않도록 하여, 긴 작업과 짧은 작업 간의 불평등을 완화하는 효과를 가져옵니다.  따라서,  대기 시간이 긴 프로세스일수록 우선순위가 높아지는 것은 HRN 스케줄링의 핵심 원리입니다.  문제에서 옳지 않다고 하는 선지는 우선순위 계산 방식에 대한 설명인데, HRN은 우선순위를 계산하는 공식을 사용하며, 그 값이 높을수록 우선순위가 높아집니다.  가장 낮은 값부터 처리하는 것이 아니라는 점이 핵심입니다.  쉽게 말해,  오래 기다린 프로세스에게 먼저 처리 기회를 주는 방식이 HRN이며,  이를 위해 계산된 우선순위 값이 높은 프로세스부터 처리하는 것입니다.",70,44
74,1,1,74,IEEE 802.11 워킹 그룹의 무선 LAN 표준화 현황 중 QoS 강화를 위해 MAC 지원 가능을 채택한 것은?,,802.11a,802.11b,802.11g,802.11e,4,"이 문제는 무선랜 표준인 IEEE 802.11의 여러 버전 중에서 QoS(Quality of Service, 서비스 품질) 향상을 위해 MAC 계층에서 QoS 기능을 지원하는 버전을 묻고 있습니다.  QoS는 네트워크 상에서 특정 데이터의 우선순위를 높여 지연 시간을 줄이고, 중요한 데이터의 전송을 보장하는 기술입니다.  예를 들어, 화상회의 중에 음성 데이터가 끊기지 않도록 우선적으로 전송하는 것이 QoS의 대표적인 예시입니다.  초기의 802.11 표준들은 기본적인 데이터 전송에 초점을 맞추었지만,  네트워크 사용이 증가하고 다양한 애플리케이션이 등장하면서 QoS 지원의 필요성이 커졌습니다.  문제에서 제시된 답변 중에서 MAC 계층에서 QoS를 지원하도록 설계된 것은 특정 버전입니다. 이 버전은  다양한 종류의 트래픽에 대해 우선순위를 부여하고, 지연 시간과 대역폭을 효율적으로 관리하여  음성이나 영상과 같은 실시간 애플리케이션의 성능을 향상시키는 기능을 제공합니다. 따라서  QoS 강화를 위해 MAC 지원 가능을 채택한 것은  정답입니다.",61,49
75,1,1,75,C언어에서 사용할 수 없는 변수명은?,,student2019,text-color,_korea,amount,2,"C언어에서 변수명을 지을 때는 몇 가지 규칙을 따라야 합니다.  변수명은 영문자(대소문자 구분), 숫자, 그리고 밑줄(_)을 사용할 수 있습니다.  하지만 가장 중요한 규칙 중 하나는 변수명은 숫자로 시작할 수 없다는 것입니다. 또한, 변수명에는 공백이나 특수 문자(하이픈(-) 등)를 사용할 수 없습니다.  문제에서 제시된 변수명들을 살펴보면, 하나의 변수명은 하이픈(-)을 포함하고 있습니다.  C언어는 이러한 하이픈을 변수명에 사용하는 것을 허용하지 않기 때문에,  그 변수명은 C언어에서 사용할 수 없는 변수명입니다.  다른 변수명들은 모두 C언어의 변수명 규칙에 부합합니다. 따라서 정답은 하이픈을 포함한 변수명입니다.",70,41
76,1,1,76,스크립트 언어가 아닌 것은?,,PHP,Cobol,Basic,Python,2,"이 문제는 다양한 프로그래밍 언어 중에서 스크립트 언어가 아닌 것을 고르는 문제입니다.  스크립트 언어는 컴파일 과정 없이 인터프리터에 의해 바로 실행되는 언어로,  PHP, Basic, Python 등이 대표적인 예시입니다.  이들은 일반적으로 웹 개발, 자동화 스크립트 작성, 빠른 프로토타이핑 등에 사용됩니다. 반면, Cobol은 컴파일 과정을 거쳐 실행되는 절차지향적 프로그래밍 언어로,  주로 대규모 비즈니스 애플리케이션 개발에 사용되어 왔습니다. 따라서 스크립트 언어가 아닌 것은 Cobol입니다.  스크립트 언어는 일반적으로 해석되어 바로 실행되는 반면, Cobol과 같은 컴파일 언어는 먼저 기계어로 변환(컴파일)된 후 실행됩니다. 이러한 차이가 바로 이 문제의 핵심입니다.  쉽게 말해, 스크립트 언어는 ""번역 없이 바로 읽어서 실행하는 언어""이고, Cobol은 ""번역(컴파일)해서 실행하는 언어""라고 생각하면 이해하기 쉬울 것입니다.",61,42
77,1,1,77,"다음의 페이지 참조 열(Page reference string)에 대해 페이지 교체 기법으로 선입선출 알고리즘을 사용할 경우 페이지 부재(Page Fault) 횟수는? (단, 할당된 페이지 프레임 수는 3이고, 처음에는 모든 프레임이 비어 있다.)",https://www.cbtbank.kr/images/iz/iz20200606/iz20200606m77.gif,13,14,15,20,2,"이 문제는 페이지 교체 알고리즘 중 하나인 선입선출(FIFO) 알고리즘을 이해하고 적용하는 문제입니다.  페이지 프레임이 3개라는 것은 동시에 3개의 페이지만 메모리에 적재할 수 있다는 의미입니다.  페이지 참조 열 7, 0, 1, 2, 0, 3, 0, 4, 2, 3, 0, 3, 2, 1, 2, 0, 1, 7, 0을 순서대로 따라가며 페이지 부재(Page Fault) 횟수를 계산해 보겠습니다.",56,11
78,1,1,78,C언어에서 배열 b[5]의 값은?,https://www.cbtbank.kr/images/iz/iz20200606/iz20200606m78.gif,0,1,2,3,1,"C언어에서 배열 `b[9]`는 크기가 9인 정수형 배열을 선언하고, `static int b[9] = {1, 2, 3};` 와 같이 초기화를 할 경우,  초기화 리스트에 명시된 값들(1, 2, 3)은 배열의 처음 세 요소(`b[0]`, `b[1]`, `b[2]`)에 각각 할당됩니다.  초기화 리스트에 명시되지 않은 나머지 요소들(`b[3]`, `b[4]`, `b[5]`, `b[6]`, `b[7]`, `b[8]`)은 자동으로 0으로 초기화됩니다. 따라서 `b[5]`의 값은 0입니다.  `static` 키워드는 전역 변수와 같은 의미로, 프로그램 시작 시 메모리에 할당되고 프로그램 종료 시 해제되는 변수를 의미합니다.  문제에서 묻는 것은 `b[5]`의 값이므로, 초기화되지 않은 부분이므로 0이 되는 것입니다.",73,11
79,1,1,79,응집도가 가장 낮은 것은?,,기능적 응집도,시간적 응집도,절차적 응집도,우연적 응집도,4,"소프트웨어 모듈의 응집도는 모듈 내부 요소들의 관련성을 나타내는 척도입니다.  응집도가 높다는 것은 모듈 내부 요소들이 서로 밀접하게 관련되어 하나의 기능을 수행한다는 의미이고, 응집도가 낮다는 것은 모듈 내부 요소들이 서로 관련성이 적거나 아예 무관하다는 것을 의미합니다.  문제에서 가장 낮은 응집도를 묻고 있는데,  이는 모듈 내 요소들이 서로 아무런 관련이 없거나 매우 느슨하게 연결되어 있는 경우를 의미합니다.  예를 들어, 서로 다른 기능을 수행하는 여러 함수들이 하나의 모듈에 우연히 모여 있는 경우가 이에 해당합니다. 이러한 경우 유지보수가 어렵고, 오류 발생 시 문제 해결이 복잡해지며, 재사용성도 떨어집니다.  반면 기능적 응집도는 하나의 기능만을 수행하는 요소들로 구성되어 응집도가 가장 높습니다. 시간적, 절차적 응집도는 기능적 응집도보다는 낮지만,  여전히 요소들 간에 어느 정도의 관련성이 존재합니다. 따라서 가장 낮은 응집도는 서로 관련 없는 요소들이 모여 있는 경우입니다.",80,6
80,1,1,80,JAVA 언어에서 접근제한자가 아닌 것은?,,public,protected,package,private,3,"JAVA에서 접근 제한자는 클래스나 클래스 멤버(변수, 메서드)에 대한 접근 권한을 제어하는 역할을 합니다.  `public`, `protected`, `private`는 모두 접근 제한자로, 각각 다른 접근 수준을 정의합니다.  `public`은 모든 곳에서 접근 가능하고, `protected`는 같은 패키지 내부 또는 상속 관계에 있는 클래스에서 접근 가능하며, `private`는 같은 클래스 내부에서만 접근 가능합니다.  문제에서 제시된  `package`는 접근 제한자가 아닙니다.  `package`는 JAVA에서 클래스들을 논리적으로 그룹화하는 데 사용되는 키워드로, 접근 제어와는 직접적인 관련이 없습니다.  따라서,  JAVA에서 접근 제한자가 아닌 것은 `package`입니다.  쉽게 말해,  `package`는 클래스들을 폴더처럼 묶는 역할을 하는 것이고, 나머지 세 가지는 그 폴더 안에 있는 클래스나 멤버에 대한 접근 권한을 설정하는 역할을 합니다.",75,7
81,1,1,81,Rayleigh-Norden 곡선의 노력 분포도를 이용한 프로젝트 비용 산정기법은?,,Putnam 모형,델파이 모형,COCOMO 모형,기능점수 모형,1,"이 문제는 소프트웨어 개발 프로젝트의 비용을 산정하는 기법 중 하나인 Rayleigh-Norden 곡선을 이용하는 방법을 묻고 있습니다.  Rayleigh-Norden 곡선은 노력(effort)과 시간(time)의 관계를 종 모양의 곡선으로 나타내는데, 프로젝트 초반과 후반에는 노력이 적게 들고, 중간에 노력이 가장 많이 드는 것을 보여줍니다.  이러한 노력 분포도를 이용하여 프로젝트 비용을 예측하는 모델이 바로 Putnam 모형입니다.  Putnam 모형은 Rayleigh-Norden 곡선을 기반으로 개발 노력의 시간적 분포를 모델링하여 프로젝트 기간과 비용을 예측하는 데 사용됩니다.  다른 선택지들은 소프트웨어 개발 비용 산정에 사용되는 다른 기법들을 제시하고 있지만, Rayleigh-Norden 곡선의 노력 분포도를 직접적으로 활용하는 것은 Putnam 모형만의 특징입니다.  따라서 Rayleigh-Norden 곡선을 이용한 프로젝트 비용 산정 기법으로는 Putnam 모형이 가장 적합합니다.  쉽게 말해,  프로젝트의 노력이 시간에 따라 어떻게 변하는지 그래프로 나타내는 방법을 이용해서 비용을 예측하는 모델이라고 생각하면 됩니다.",57,47
82,1,1,82,메모리상에서 프로그램의 복귀 주소와 변수사이에 특정 값을 저장해 두었다가 그 값이 변경되었을 경우 오버플로우 상태로 가정하여 프로그램 실행을 중단하는 기술은?,,모드체크,리커버리 통제,시스로그,스택가드,4,"프로그램이 실행될 때, 메모리에는 프로그램의 실행에 필요한 정보들이 저장됩니다.  그 중 중요한 정보 중 하나가 바로 '복귀 주소'입니다.  함수가 호출되면 현재 실행 위치(복귀 주소)를 메모리의 특정 영역(스택)에 저장해 두었다가 함수 실행이 끝나면 그 주소로 돌아가 실행을 계속합니다.  변수들도 스택에 저장되는데,  만약 악의적인 공격이나 프로그래밍 오류로 인해 스택에 저장된 변수의 값이 너무 커져서(오버플로우) 복귀 주소를 덮어쓰게 되면 프로그램은 잘못된 주소로 돌아가게 되고, 시스템이 예상치 못한 동작을 하거나 심각한 오류를 발생시킬 수 있습니다.",76,11
83,1,1,83,백도어 탐지 방법으로 틀린 것은?,,무결성 검사,닫힌 포트 확인,로그 분석,SetUID 파일 검사,2,"백도어는 악의적인 목적으로 시스템에 숨겨진 비밀 통로입니다.  공격자는 이를 통해 시스템에 무단으로 접근하여 데이터를 탈취하거나 시스템을 손상시킬 수 있습니다.  따라서 백도어 탐지를 위한 다양한 방법들이 존재합니다.  무결성 검사는 시스템 파일이나 데이터의 변조 여부를 확인하여 백도어 설치 여부를 파악하는 방법입니다. 로그 분석은 시스템 로그를 분석하여 의심스러운 활동(예: 비정상적인 접근 시도, 특정 포트의 사용)을 찾아 백도어를 탐지하는 방법입니다. SetUID 파일 검사는 특권을 가진 사용자 권한으로 실행되는 파일들을 검사하여 백도어가 숨겨져 있는지 확인하는 방법입니다.  하지만 닫힌 포트 확인은 백도어 탐지 방법으로 적절하지 않습니다.  백도어는 닫힌 포트를 통해서도 작동할 수 있기 때문입니다.  닫힌 포트는 외부 접근을 차단하는 것이지, 내부에서 작동하는 백도어를 막는 것은 아닙니다.  백도어는 시스템 내부에서 작동하므로 외부에서 포트를 확인하는 것만으로는 탐지가 어렵습니다.  따라서 닫힌 포트 확인은 백도어 탐지에 효과적이지 않은 방법입니다.",71,56
84,1,1,84,IP 또는 ICMP의 특성을 악용하여 특정 사이트에 집중적으로 데이터를 보내 네트워크 또는 시스템의 상태를 불능으로 만드는 공격 방법은?,,TearDrop,Smishing,Qshing,Smurfing,4,"이 문제는 네트워크 공격 기법 중 하나인 Smurfing 공격에 대한 문제입니다. Smurfing 공격은 IP 또는 ICMP 프로토콜의 특징을 악용하여 특정 대상 시스템에 과도한 양의 패킷을 전송하여 시스템을 마비시키는 방식입니다.  쉽게 설명하자면,  여러 대의 컴퓨터를 이용해 특정 목표 사이트에 동시에 메시지를 보내는 것과 같습니다.  마치 수많은 사람들이 한꺼번에 한 곳에 전화를 걸어 전화망을 마비시키는 것과 같은 원리입니다.  IP 브로드캐스트 주소나 ICMP 에코 요청(ping)을 이용하여,  공격자는 자신이 아닌 다른 컴퓨터의 IP 주소를 가짜로 사용하여 목표 사이트에 패킷을 보냅니다.  목표 사이트는 이 패킷들을 모두 처리하려고 하다가 과부하가 걸려 서비스를 제공할 수 없게 되는 것입니다.  따라서 네트워크 또는 시스템의 상태를 불능으로 만드는 공격 방법에 대한 설명과 가장 잘 맞는 것이 Smurfing 공격입니다. 다른 선택지는 다른 종류의 네트워크 공격 또는 피싱 기법을 나타냅니다.",67,45
85,1,1,85,CMM(Capability Maturity Model) 모델의 레벨로 옳지 않은 것은?,,최적단계,관리단계,정의단계,계획단계,4,"CMM(Capability Maturity Model)은 소프트웨어 개발 조직의 성숙도를 5단계로 평가하는 모델입니다.  각 단계는 소프트웨어 개발 프로세스의 안정성과 예측 가능성을 나타내는 지표로,  낮은 단계일수록 프로세스가 불안정하고 예측이 어렵지만, 높은 단계로 갈수록 프로세스가 체계적이고 효율적으로 관리됩니다.  CMM의 5단계는 초기, 관리, 정의, 관리, 최적화 단계로 구성됩니다. 문제에서 제시된 선지 중 '계획단계'는 CMM의 공식적인 레벨이 아니기 때문에 옳지 않은 것입니다.  CMM은 계획 단계를 포함하지 않고,  프로세스의 성숙도를 평가하는 데 초점을 맞추고 있기 때문입니다.  즉,  CMM은 개발 프로세스 자체의 성숙도를 평가하는 것이지,  개별 프로젝트의 계획 단계를 평가하는 것이 아니라는 점을 이해하는 것이 중요합니다.  따라서,  CMM의 레벨로서 '계획단계'는 존재하지 않습니다.",52,47
86,1,1,86,웹과 컴퓨터 프로그램에서 용량이 적은 데이터를 교환하기 위해 데이터 객체를 속성·값의 쌍 형태로 표현하는 형식으로 자바스크립트(JavaScript)를 토대로 개발되어진 형식은?,,Python,XML,JSON,WEB SEVER,3,"문제에서 설명하고 있는 데이터 교환 방식은 용량이 적은 데이터를 속성(key)과 값(value)의 쌍으로 표현하는 형식입니다.  웹 환경에서 자주 사용되는 이유는 가독성이 좋고, 데이터를 간결하게 표현할 수 있기 때문입니다.  자바스크립트 기반으로 개발되었다는 점도 중요한 정보입니다.  제시된 선택지 중에서 속성-값 쌍으로 데이터를 표현하고 자바스크립트 기반으로 개발된 형식은 JSON(JavaScript Object Notation)입니다.  XML도 데이터를 표현하는 형식이지만, JSON보다 구조가 복잡하고 용량이 더 클 수 있습니다. Python은 프로그래밍 언어이고, 웹 서버는 데이터를 교환하는 방식이 아닌 데이터를 제공하는 시스템의 일부입니다. 따라서,  용량이 적은 데이터를 효율적으로 교환하기 위한 속성-값 쌍 형태의 자바스크립트 기반 데이터 표현 방식은 JSON이 가장 적합합니다.",79,42
87,1,1,87,"크래커가 침입하여 백도어를 만들어 놓거나, 설정 파일을 변경했을 때 분석하는 도구는?",,trace,tripwire,udpdump,cron,2,"시스템의 무결성을 감시하는 도구에 대한 문제입니다.  크래커가 시스템에 침입하여 백도어를 심거나 설정 파일을 변경하는 것은 시스템의 무결성을 침해하는 행위입니다.  이러한 침해를 감지하기 위해서는 시스템의 파일이나 설정의 변화를 지속적으로 모니터링하고, 변경 사항이 발생하면 관리자에게 알려주는 도구가 필요합니다.  정답으로 제시된 도구는 바로 이러한 기능을 수행하는 시스템 무결성 감시 도구입니다.  이 도구는 시스템의 특정 파일이나 디렉토리의 변경 사항을 감지하여, 무단 변경이 발생했을 때 관리자에게 경고를 보내줍니다.  따라서 크래커의 침입 흔적을 찾는 데 매우 유용하게 사용될 수 있습니다. 다른 선택지들은 네트워크 패킷 분석(trace, udpdump)이나 시스템 작업 예약(cron)과 관련된 도구이므로 시스템 무결성 감시와는 직접적인 관련이 없습니다.",73,56
88,1,1,88,소프트웨어 개발 프레임워크를 적용할 경우 기대효과로 거리가 먼 것은?,,품질보증,시스템 복잡도 증가,개발 용이성,변경 용이성,2,"소프트웨어 개발 프레임워크는 소프트웨어 개발 과정을 체계화하고 효율성을 높이기 위한 일종의 틀이나 가이드라인입니다.  마치 레고 블록을 조립할 때,  미리 만들어진 블록 세트(프레임워크)를 사용하면  훨씬 쉽고 빠르게 원하는 모양을 만들 수 있는 것과 같습니다.  따라서 프레임워크를 사용하면 개발이 용이해지고(개발 용이성),  나중에 수정이나 변경이 필요할 때도 쉽게 할 수 있습니다(변경 용이성). 또한,  일관된 개발 방식을 적용하여 소프트웨어의 품질을 높이는 데에도 도움이 됩니다(품질보증). 하지만 프레임워크를 도입한다고 해서 무조건 시스템이 단순해지는 것은 아닙니다. 오히려 프레임워크 자체의 복잡성 때문에 시스템 전체의 복잡도가 증가할 수도 있습니다.  이는 프레임워크가 제공하는 기능과 구조를 이해하고 적절히 활용해야 함을 의미하며,  잘못 적용하면 오히려 개발 과정을 더 복잡하게 만들 수 있다는 것을 보여줍니다.  따라서 프레임워크 도입은 신중한 검토와 계획이 필요합니다.",87,48
89,1,1,89,"COCOMO model 중 기관 내부에서 개발된 중소 규모의 소프트웨어로 일괄 자료 처리나 과학기술 계산용, 비즈니스 자료 처리용으로 5만 라인 이하의 소프트웨어를 개발하는 유형은?",,embeded,organic,semi-detached,semi-embeded,2,"COCOMO 모델은 소프트웨어 개발에 필요한 시간과 비용을 예측하는 모델입니다.  문제에서 제시된 상황은 기관 내부에서 개발되는 중소 규모의 소프트웨어(5만 라인 이하)로, 일괄 자료 처리나 과학기술 계산, 비즈니스 자료 처리 등을 목적으로 합니다.  COCOMO 모델은 개발 규모와 복잡도에 따라  Organic, Semi-detached, Embedded 세 가지 유형으로 나뉘는데,  문제에서 설명하는 소프트웨어의 특징은  '기관 내부 개발', '중소 규모', '상대적으로 단순한 기능' 등입니다. 이러한 특징들은  COCOMO 모델에서 'Organic' 유형에 가장 잘 부합합니다.  Organic 유형은 소규모 팀이 개발하며, 요구사항이 명확하고 안정적이며, 개발 과정이 상대적으로 간단한 프로젝트에 적용됩니다.  반면 Semi-detached 유형은 중간 규모의 프로젝트로 요구사항 변경이 어느 정도 발생할 수 있으며, Embedded 유형은 하드웨어와 밀접하게 연동되는 시스템 소프트웨어 개발에 적용됩니다. 따라서 문제의 조건에 가장 적합한 COCOMO 모델 유형은 Organic입니다.",71,47
90,1,1,90,여러 개의 독립된 통신장치가 UWB(Ultra Wideband)기술 또는 블루투스 기술을 사용하여 통신망을 형성하는 무선 네트워크 기술은?,,PICONET,SCRUM,NFC,WI-SUN,1,"문제에서 여러 개의 독립된 통신 장치가 UWB(Ultra Wideband) 기술 또는 블루투스 기술을 사용하여 통신망을 형성하는 무선 네트워크 기술을 묻고 있습니다.  UWB와 블루투스는 모두 근거리 무선 통신 기술로, 여러 장치가 서로 연결되어 통신하는 특징을 가지고 있습니다.  정답은 여러 개의 장치가 하나의 네트워크를 형성하는 개념을 잘 나타내는 용어입니다.  블루투스 통신에서 여러 장치가 연결되는 네트워크 형태를 특히 '피코넷(PICONET)'이라고 부릅니다.  피코넷은 하나의 마스터 장치와 여러 개의 슬레이브 장치로 구성되며, 마스터 장치를 중심으로 통신이 이루어집니다.  따라서 여러 개의 독립된 통신 장치가 UWB 또는 블루투스를 이용하여 통신망을 형성하는 기술을 가장 잘 설명하는 용어는 피코넷입니다.  다른 선지는 NFC는 근거리 무선 통신이지만, 네트워크를 형성하는 개념과는 거리가 있으며, SCRUM은 소프트웨어 개발 방법론, WI-SUN은 저전력 광역 통신 기술입니다.  따라서 문제의 조건에 가장 부합하는 것은 피코넷입니다.",55,49
91,1,1,91,프로토타입을 지속적으로 발전시켜 최종 소프트웨어 개발까지 이르는 개발방법으로 위험관리가 중심인 소프트웨어 생명주기 모형은?,,나선형 모형,델파이 모형,폭포수 모형,기능점수 모형,1,"이 문제는 소프트웨어 개발 방법론 중 프로토타입을 지속적으로 발전시켜 최종 소프트웨어를 개발하는 방식, 그리고 위험 관리에 중점을 두는 모형을 묻고 있습니다.  소프트웨어 개발은 예측 불가능한 요소들이 많아 위험 관리가 매우 중요한데요,  폭포수 모형처럼 한 단계씩 순차적으로 진행하는 방식은 초기 단계의 잘못된 판단이 후반부에 큰 문제를 야기할 수 있습니다.  반면,  정답으로 제시된 모형은 프로토타입(시제품)을 만들어 테스트하고, 그 결과를 바탕으로 개선하는 과정을 반복합니다.  나선형으로 점점 완성도를 높여가는 것이죠.  이러한 반복적인 개발 과정을 통해 위험을 조기에 발견하고 관리하며,  변화하는 요구사항에도 유연하게 대처할 수 있습니다.  다른 선택지들은 위험 관리보다는 다른 측면에 초점을 맞추거나,  소프트웨어 개발 방법론이 아닌 다른 개념을 제시하고 있기 때문에 적절하지 않습니다.  따라서 프로토타입 기반의 반복적 개발과 위험 관리에 초점을 맞춘 나선형 모형이 가장 적합한 답입니다.",74,47
92,1,1,92,다음이 설명하는 용어로 옳은 것은?,https://www.cbtbank.kr/images/iz/iz20200606/iz20200606m92.gif,하둡(Hadoop),비컨(Beacon),포스퀘어(Foursquare),맴리스터(Memristor),1,"문제에서 설명하는 용어는 오픈소스 기반의 분산 컴퓨팅 플랫폼으로, 일반 PC들을 활용하여 대용량 스토리지를 구축하고 빅데이터를 효율적으로 저장 및 처리하는 기능을 가지고 있습니다. 이러한 특징은 바로 하둡(Hadoop)의 핵심 기능과 정확히 일치합니다. 하둡은 수많은 컴퓨터들을 하나의 거대한 시스템처럼 연결하여,  각 컴퓨터가 데이터를 나눠 저장하고 처리하는 분산 처리 방식을 사용합니다.  따라서 일반 PC급 컴퓨터들을 이용해 가상화된 대형 스토리지를 구성하고, 다양한 소스의 빅데이터를 효율적으로 관리하는 데 적합합니다.  반면 다른 선택지는 하둡과 같은 분산 처리 및 빅데이터 저장/처리 기능과는 관련이 없습니다. 비컨은 근거리 무선 통신 기술, 포스퀘어는 위치 기반 서비스 플랫폼, 맴리스터는 새로운 종류의 메모리 소자를 의미하며, 문제에서 제시된 설명과는 부합하지 않습니다.  따라서 문제의 설명에 가장 적합한 용어는 하둡입니다.",76,31
93,1,1,93,소인수 분해 문제를 이용한 공개키 암호화 기법에 널리 사용되는 암호 알고리즘 기법은?,,RSA,ECC,PKI,PEM,1,"이 문제는 소인수분해 문제를 이용한 공개키 암호화 기법에 대해 묻고 있습니다.  공개키 암호화는 두 개의 키, 즉 공개키와 개인키를 사용하는 암호화 방식입니다.  공개키는 누구에게나 공개되어도 되지만, 개인키는 소유자만 알고 있어야 합니다.  암호화는 공개키를 사용하고, 복호화는 개인키를 사용합니다.  이때, 안전성을 보장하기 위해 매우 큰 수의 소인수분해가 어려워야 합니다.  큰 수를 소수의 곱으로 분해하는 것은 계산량이 엄청나게 많아 현재 기술로는 불가능에 가깝기 때문에, 개인키를 알아내는 것이 매우 어렵습니다.  문제에서 언급된 알고리즘 중에서 이러한 소인수분해의 어려움을 기반으로 하는 알고리즘은 RSA 알고리즘입니다. RSA 알고리즘은 매우 큰 두 소수의 곱으로 이루어진 수를 공개키로 사용하고, 이 두 소수를 알아야만 복호화가 가능하도록 설계되어 있습니다.  따라서 소인수분해 문제를 이용한 공개키 암호화 기법에 널리 사용되는 알고리즘은 RSA입니다.  다른 선택지는 각각 다른 암호화 방식이나 개념을 나타내므로 정답이 될 수 없습니다.",79,54
94,1,1,94,"LOC 기법에 의하여 예측된 총 라인수가 50000라인, 프로그래머의 월 평균 생산성이 200라인, 개발에 참여할 프로그래머가 10인 일 때, 개발 소요 기간은?",,25개월,50개월,200개월,2000개월,1,"이 문제는 소프트웨어 개발에 필요한 시간을 계산하는 문제입니다.  문제에서 주어진 정보는 총 라인 수(50,000라인), 프로그래머 1인당 월 평균 생산성(200라인), 그리고 개발에 참여하는 프로그래머 수(10명)입니다.  먼저, 한 명의 프로그래머가 한 달에 200라인을 작성한다면, 10명의 프로그래머는 한 달에 200라인/명 * 10명 = 2000라인을 작성할 수 있습니다.  총 50,000라인을 개발해야 하므로, 필요한 개발 기간은 50,000라인 / 2,000라인/월 = 25개월이 됩니다. 따라서 개발 소요 기간은 25개월입니다.  LOC(Lines of Code) 기법은 소프트웨어의 크기를 코드 라인 수로 측정하여 개발 시간을 예측하는 간단한 방법입니다.  물론 실제 개발 기간은 여러 요인(예: 요구사항 변경, 버그 수정 등)에 따라 달라질 수 있지만, 이 문제에서는 주어진 정보만을 가지고 계산하는 간단한 예시입니다.",86,47
95,1,1,95,최대 홉수를 15로 제한한 라우팅 프로토콜은?,,RIP,OSPF,Static,EIGRP,1,"라우팅 프로토콜은 네트워크 상의 두 지점 간 최적의 경로를 찾아주는 프로토콜입니다.  각 프로토콜은 최대 홉수(한 패킷이 목적지에 도달하기 위해 거쳐야 하는 라우터 수)에 제한을 두는 경우가 있는데,  문제에서 최대 홉수를 15로 제한하는 프로토콜을 묻고 있습니다.  RIP(Routing Information Protocol)은 거리 벡터 라우팅 프로토콜로,  최대 홉수를 15로 제한합니다.  이는 RIP가 홉 수를 세어 경로를 선택하기 때문에, 15홉을 넘어가면 경로를 찾을 수 없도록 설계되었기 때문입니다.  다른 프로토콜들은 최대 홉수에 대한 제한이 없거나, 다른 방식으로 최적 경로를 계산합니다. 따라서 최대 홉수를 15로 제한하는 라우팅 프로토콜은 RIP입니다.  쉽게 말해, RIP는 길찾기 게임에서 최대 15번의 갈림길만 지날 수 있도록 제한하는 것과 같습니다.  15번 이상의 갈림길을 지나야 하는 목적지는 RIP로는 찾을 수 없습니다.",72,49
96,1,1,96,"컴퓨터 사용자의 키보드 움직임을 탐지해 ID, 패스워드 등 개인의 중요한 정보를 몰래 빼가는 해킹 공격은?",,Key Logger Attack,Worm,Rollback,Zombie Worm,1,"이 문제는 컴퓨터 사용자의 키보드 입력을 몰래 기록하여 개인 정보를 빼내는 해킹 기법에 대한 문제입니다.  키보드 입력을 기록하는 악성 프로그램을 사용하여 사용자가 입력하는 ID, 비밀번호, 신용카드 번호 등 중요한 정보를 몰래 빼돌리는 공격 방식을  키로거(Key Logger) 공격이라고 합니다.  키로거는 사용자의 키보드 입력을 감지하여 로그 파일로 저장하거나, 해커의 서버로 실시간으로 전송합니다.  사용자는 자신이 입력하는 정보가 몰래 기록되고 있다는 사실을 전혀 인지하지 못한 채 개인 정보가 유출되는 위험에 노출됩니다.  따라서, 컴퓨터 사용자의 키보드 움직임을 탐지하여 개인 정보를 빼가는 해킹 공격은 키로거 공격이라고 정확하게 정의할 수 있습니다. 다른 선지들은 웜(Worm)이나 좀비 웜(Zombie Worm)처럼 네트워크를 통해 자체적으로 확산되는 악성 프로그램 또는 롤백(Rollback)처럼 시스템 복구와 관련된 용어이므로 문제의 상황과는 맞지 않습니다.",87,56
97,1,1,97,테일러링(Tailoring) 개발 방법론의 내부 기준에 해당하지 않는 것은?,,납기/비용,기술환경,구성원 능력,국제표준 품질기준,4,"테일러링(Tailoring) 개발 방법론은 표준적인 소프트웨어 개발 방법론을 특정 프로젝트의 상황에 맞게 조정하는 것을 의미합니다.  프로젝트의 성공적인 수행을 위해서는  프로젝트의 특성을 고려하여 방법론을 맞춤형으로 조정해야 합니다.  예를 들어, 프로젝트의 납기가 촉박하면 개발 속도를 높이는 방법을 선택해야 하고, 개발팀의 구성원 능력이 부족하다면 교육이나 지원을 강화해야 합니다. 기술 환경 또한 중요한 고려 사항입니다. 사용하는 기술에 따라 개발 방법론을 조정해야 효율적인 개발이 가능합니다.  하지만 국제 표준 품질 기준은 프로젝트의 특성에 따라 바뀌는 것이 아니라, 모든 프로젝트에서 일관되게 적용되어야 하는 객관적인 기준입니다. 따라서 프로젝트의 특성에 맞춰 조정하는 테일러링의 대상이 될 수 없습니다.  국제 표준 품질 기준은 프로젝트의 품질을 보장하기 위한 외부적인 기준이며, 테일러링은 프로젝트의 내부적인 요소들을 고려하여 방법론을 조정하는 것이기 때문입니다.  즉, 테일러링은 프로젝트의 내부적인 상황(납기, 비용, 기술 환경, 구성원 능력 등)에 맞춰 방법론을 조정하는 것이지, 외부적인 기준인 국제 표준 품질 기준을 조정하는 것이 아니라는 점을 이해하는 것이 중요합니다.",60,48
98,1,1,98,폭포수 모형의 특징으로 거리가 먼 것은,,개발 중 발생한 요구사항을 쉽게 반영할 수 있다.,순차적인 접근방법을 이용한다.,단계적 정의와 산출물이 명확하다.,모형의 적용 경험과 성공사례가 많다.,1,"폭포수 모형은 소프트웨어 개발 과정을 여러 단계로 나누어 순차적으로 진행하는 방식입니다.  각 단계는 명확하게 정의되고, 이전 단계가 완료되어야만 다음 단계로 진행할 수 있습니다.  따라서 단계적 정의와 산출물이 명확하다는 특징을 가지고 있으며, 오랫동안 사용되어 많은 적용 경험과 성공 사례가 축적되어 있습니다.  하지만 개발 과정 중에 새로운 요구사항이 발생하면 이를 반영하기 어렵다는 단점이 있습니다.  왜냐하면 이미 다음 단계로 진행되었거나, 이전 단계로 돌아가 수정하는 것이 매우 어렵고 비용이 많이 들기 때문입니다.  따라서 개발 중 발생한 요구사항을 쉽게 반영할 수 있다는 것은 폭포수 모형의 특징이라고 보기 어렵습니다.  결론적으로, 폭포수 모형의 순차적이고 단계적인 특성 때문에 개발 중 요구사항 변경에 유연하게 대처할 수 없다는 점이 문제의 핵심입니다.",84,47
99,1,1,99,다음 설명의 정보보안 침해 공격 관련 용어는?,https://www.cbtbank.kr/images/iz/iz20200606/iz20200606m99.gif,Smishing,C-brain,Trojan Horse,Ransomware,4,"문제에서 제시된 설명은 이미지로 제공되었으나, 이미지 내용을 알 수 없다는 점이 아쉽습니다. 하지만 문제의 핵심은 ""정보보안 침해 공격 관련 용어""를 찾는 것이므로, 제시된 보기들을 살펴보면 정답을 유추할 수 있습니다.  Smishing은 SMS를 이용한 피싱이고, C-brain은 문제와 관련이 없는 용어입니다. Trojan Horse는 악성 코드의 일종으로, 사용자에게 알리지 않고 시스템에 침입하여 정보를 훔치거나 시스템을 손상시키는 방식입니다. Ransomware는 컴퓨터 시스템이나 파일을 암호화하고, 암호 해제를 위해 금전을 요구하는 악성 프로그램입니다.  보기 중에서 정보보안 침해 공격과 가장 직접적으로 관련된 용어는 Ransomware입니다. Ransomware는 최근 급증하는 사이버 공격의 주요 유형으로,  정보의 가치를 돈으로 전환하여 피해를 입히는 대표적인 예시입니다. 따라서,  제공된 보기 중 정보보안 침해 공격과 가장 잘 맞는 용어는 랜섬웨어입니다.  정보처리기사 공식 교재에서도 랜섬웨어에 대한 설명을 찾아볼 수 있을 것입니다.  다른 보기들은 정보보안과 관련은 있지만, 문제에서 요구하는 핵심적인 공격 유형을 명확하게 나타내지는 않습니다.",83,55
100,1,1,100,시스템 내의 정보는 오직 인가된 사용자만 수정할 수 있는 보안 요소는?,,기밀성,부인방지,가용성,무결성,4,"시스템 내 정보의 무결성이란 정보의 정확성과 신뢰성을 유지하는 것을 의미합니다.  즉, 정보가 허락되지 않은 변경이나 손상으로부터 보호되는 상태를 말하죠. 문제에서 ""인가된 사용자만 수정할 수 있는 보안 요소""를 묻고 있는데, 이는 정보의 무결성을 보장하는 핵심적인 요소입니다.  만약 인가되지 않은 사용자가 정보를 수정할 수 있다면, 정보의 정확성과 신뢰성이 훼손되어 시스템 전체의 안정성에 심각한 문제가 발생할 수 있습니다.  다른 선택지들은 정보 보안의 다른 측면을 나타내지만,  인가되지 않은 수정으로부터 정보를 보호하는 직접적인 요소는 무결성입니다.  예를 들어, 은행 계좌 정보가 허락 없이 변경된다면, 그것은 무결성이 깨진 것입니다.  따라서 시스템 내 정보를 오직 인가된 사용자만 수정할 수 있도록 하는 보안 요소는 정보의 무결성을 보장하는 기능이라고 할 수 있습니다.",45,53
,,,,,,,,,,,,,
,,,,,,,,,,,,,
,,,,,,,,,,,,,
,,,,,,,,,,,,,
,,,,,,,,,,,,,
,,,,,,,,,,,,,
,,,,,,,,,,,,,
,,,,,,,,,,,,,
,,,,,,,,,,,,,
,,,,,,,,,,,,,
,,,,,,,,,,,,,
,,,,,,,,,,,,,
,,,,,,,,,,,,,
,,,,,,,,,,,,,
,,,,,,,,,,,,,
,,,,,,,,,,,,,
,,,,,,,,,,,,,
,,,,,,,,,,,,,
,,,,,,,,,,,,,
,,,,,,,,,,,,,
,,,,,,,,,,,,,
,,,,,,,,,,,,,
,,,,,,,,,,,,,
,,,,,,,,,,,,,
,,,,,,,,,,,,,
,,,,,,,,,,,,,
,,,,,,,,,,,,,
,,,,,,,,,,,,,
,,,,,,,,,,,,,
,,,,,,,,,,,,,
,,,,,,,,,,,,,
,,,,,,,,,,,,,
,,,,,,,,,,,,,
,,,,,,,,,,,,,
,,,,,,,,,,,,,
,,,,,,,,,,,,,
,,,,,,,,,,,,,
,,,,,,,,,,,,,
,,,,,,,,,,,,,
,,,,,,,,,,,,,
,,,,,,,,,,,,,
,,,,,,,,,,,,,
,,,,,,,,,,,,,
,,,,,,,,,,,,,
,,,,,,,,,,,,,
,,,,,,,,,,,,,
,,,,,,,,,,,,,
,,,,,,,,,,,,,
,,,,,,,,,,,,,
,,,,,,,,,,,,,
,,,,,,,,,,,,,
,,,,,,,,,,,,,
,,,,,,,,,,,,,
,,,,,,,,,,,,,
,,,,,,,,,,,,,
,,,,,,,,,,,,,
,,,,,,,,,,,,,
,,,,,,,,,,,,,
,,,,,,,,,,,,,
,,,,,,,,,,,,,
,,,,,,,,,,,,,
,,,,,,,,,,,,,
,,,,,,,,,,,,,
,,,,,,,,,,,,,
,,,,,,,,,,,,,
,,,,,,,,,,,,,
,,,,,,,,,,,,,
,,,,,,,,,,,,,
,,,,,,,,,,,,,
,,,,,,,,,,,,,
,,,,,,,,,,,,,
,,,,,,,,,,,,,
,,,,,,,,,,,,,
,,,,,,,,,,,,,
,,,,,,,,,,,,,
,,,,,,,,,,,,,
,,,,,,,,,,,,,
,,,,,,,,,,,,,
,,,,,,,,,,,,,
,,,,,,,,,,,,,
,,,,,,,,,,,,,
,,,,,,,,,,,,,
,,,,,,,,,,,,,
,,,,,,,,,,,,,
,,,,,,,,,,,,,
,,,,,,,,,,,,,
,,,,,,,,,,,,,
,,,,,,,,,,,,,
,,,,,,,,,,,,,
,,,,,,,,,,,,,
,,,,,,,,,,,,,
,,,,,,,,,,,,,
,,,,,,,,,,,,,
,,,,,,,,,,,,,
,,,,,,,,,,,,,
,,,,,,,,,,,,,
,,,,,,,,,,,,,
,,,,,,,,,,,,,
,,,,,,,,,,,,,
,,,,,,,,,,,,,
,,,,,,,,,,,,,
,,,,,,,,,,,,,
,,,,,,,,,,,,,
,,,,,,,,,,,,,
,,,,,,,,,,,,,
,,,,,,,,,,,,,
,,,,,,,,,,,,,
,,,,,,,,,,,,,
,,,,,,,,,,,,,
,,,,,,,,,,,,,
,,,,,,,,,,,,,
,,,,,,,,,,,,,
,,,,,,,,,,,,,
,,,,,,,,,,,,,
,,,,,,,,,,,,,
,,,,,,,,,,,,,
,,,,,,,,,,,,,
,,,,,,,,,,,,,
,,,,,,,,,,,,,
,,,,,,,,,,,,,
,,,,,,,,,,,,,
,,,,,,,,,,,,,
,,,,,,,,,,,,,
,,,,,,,,,,,,,
,,,,,,,,,,,,,
,,,,,,,,,,,,,
,,,,,,,,,,,,,
,,,,,,,,,,,,,
,,,,,,,,,,,,,
,,,,,,,,,,,,,
,,,,,,,,,,,,,
,,,,,,,,,,,,,
,,,,,,,,,,,,,
,,,,,,,,,,,,,
,,,,,,,,,,,,,
,,,,,,,,,,,,,
,,,,,,,,,,,,,
,,,,,,,,,,,,,
,,,,,,,,,,,,,
,,,,,,,,,,,,,
,,,,,,,,,,,,,
,,,,,,,,,,,,,
,,,,,,,,,,,,,
,,,,,,,,,,,,,
,,,,,,,,,,,,,
,,,,,,,,,,,,,
,,,,,,,,,,,,,
,,,,,,,,,,,,,
,,,,,,,,,,,,,
,,,,,,,,,,,,,
,,,,,,,,,,,,,
,,,,,,,,,,,,,
,,,,,,,,,,,,,
,,,,,,,,,,,,,
,,,,,,,,,,,,,
,,,,,,,,,,,,,
,,,,,,,,,,,,,
,,,,,,,,,,,,,
,,,,,,,,,,,,,
,,,,,,,,,,,,,
,,,,,,,,,,,,,
,,,,,,,,,,,,,
,,,,,,,,,,,,,
,,,,,,,,,,,,,
,,,,,,,,,,,,,
,,,,,,,,,,,,,
,,,,,,,,,,,,,
,,,,,,,,,,,,,
,,,,,,,,,,,,,
,,,,,,,,,,,,,
,,,,,,,,,,,,,
,,,,,,,,,,,,,
,,,,,,,,,,,,,
,,,,,,,,,,,,,
,,,,,,,,,,,,,
,,,,,,,,,,,,,
,,,,,,,,,,,,,
,,,,,,,,,,,,,
,,,,,,,,,,,,,
,,,,,,,,,,,,,
,,,,,,,,,,,,,
,,,,,,,,,,,,,
,,,,,,,,,,,,,
,,,,,,,,,,,,,
,,,,,,,,,,,,,
,,,,,,,,,,,,,
,,,,,,,,,,,,,
,,,,,,,,,,,,,
,,,,,,,,,,,,,
,,,,,,,,,,,,,
,,,,,,,,,,,,,
,,,,,,,,,,,,,
,,,,,,,,,,,,,
,,,,,,,,,,,,,
,,,,,,,,,,,,,
,,,,,,,,,,,,,
,,,,,,,,,,,,,
,,,,,,,,,,,,,
,,,,,,,,,,,,,
,,,,,,,,,,,,,
,,,,,,,,,,,,,
,,,,,,,,,,,,,
,,,,,,,,,,,,,
,,,,,,,,,,,,,
,,,,,,,,,,,,,
,,,,,,,,,,,,,
,,,,,,,,,,,,,
,,,,,,,,,,,,,
,,,,,,,,,,,,,
,,,,,,,,,,,,,
,,,,,,,,,,,,,
,,,,,,,,,,,,,
,,,,,,,,,,,,,
,,,,,,,,,,,,,
,,,,,,,,,,,,,
,,,,,,,,,,,,,
,,,,,,,,,,,,,
,,,,,,,,,,,,,
,,,,,,,,,,,,,
,,,,,,,,,,,,,
,,,,,,,,,,,,,
,,,,,,,,,,,,,
,,,,,,,,,,,,,
,,,,,,,,,,,,,
,,,,,,,,,,,,,
,,,,,,,,,,,,,
,,,,,,,,,,,,,
,,,,,,,,,,,,,
,,,,,,,,,,,,,
,,,,,,,,,,,,,
,,,,,,,,,,,,,
,,,,,,,,,,,,,
,,,,,,,,,,,,,
,,,,,,,,,,,,,
,,,,,,,,,,,,,
,,,,,,,,,,,,,
,,,,,,,,,,,,,
,,,,,,,,,,,,,
,,,,,,,,,,,,,
,,,,,,,,,,,,,
,,,,,,,,,,,,,
,,,,,,,,,,,,,
,,,,,,,,,,,,,
,,,,,,,,,,,,,
,,,,,,,,,,,,,
,,,,,,,,,,,,,
,,,,,,,,,,,,,
,,,,,,,,,,,,,
,,,,,,,,,,,,,
,,,,,,,,,,,,,
,,,,,,,,,,,,,
,,,,,,,,,,,,,
,,,,,,,,,,,,,
,,,,,,,,,,,,,
,,,,,,,,,,,,,
,,,,,,,,,,,,,
,,,,,,,,,,,,,
,,,,,,,,,,,,,
,,,,,,,,,,,,,
,,,,,,,,,,,,,
,,,,,,,,,,,,,
,,,,,,,,,,,,,
,,,,,,,,,,,,,
,,,,,,,,,,,,,
,,,,,,,,,,,,,
,,,,,,,,,,,,,
,,,,,,,,,,,,,
,,,,,,,,,,,,,
,,,,,,,,,,,,,
,,,,,,,,,,,,,
,,,,,,,,,,,,,
,,,,,,,,,,,,,
,,,,,,,,,,,,,
,,,,,,,,,,,,,
,,,,,,,,,,,,,
,,,,,,,,,,,,,
,,,,,,,,,,,,,
,,,,,,,,,,,,,
,,,,,,,,,,,,,
,,,,,,,,,,,,,
,,,,,,,,,,,,,
,,,,,,,,,,,,,
,,,,,,,,,,,,,
,,,,,,,,,,,,,
,,,,,,,,,,,,,
,,,,,,,,,,,,,
,,,,,,,,,,,,,
,,,,,,,,,,,,,
,,,,,,,,,,,,,
,,,,,,,,,,,,,
,,,,,,,,,,,,,
,,,,,,,,,,,,,
,,,,,,,,,,,,,
,,,,,,,,,,,,,
,,,,,,,,,,,,,
,,,,,,,,,,,,,
,,,,,,,,,,,,,
,,,,,,,,,,,,,
,,,,,,,,,,,,,
,,,,,,,,,,,,,
,,,,,,,,,,,,,
,,,,,,,,,,,,,
,,,,,,,,,,,,,
,,,,,,,,,,,,,
,,,,,,,,,,,,,
,,,,,,,,,,,,,
,,,,,,,,,,,,,
,,,,,,,,,,,,,
,,,,,,,,,,,,,
,,,,,,,,,,,,,
,,,,,,,,,,,,,
,,,,,,,,,,,,,
,,,,,,,,,,,,,
,,,,,,,,,,,,,
,,,,,,,,,,,,,
,,,,,,,,,,,,,
,,,,,,,,,,,,,
,,,,,,,,,,,,,
,,,,,,,,,,,,,
,,,,,,,,,,,,,
,,,,,,,,,,,,,
,,,,,,,,,,,,,
,,,,,,,,,,,,,
,,,,,,,,,,,,,
,,,,,,,,,,,,,
,,,,,,,,,,,,,
,,,,,,,,,,,,,
,,,,,,,,,,,,,
,,,,,,,,,,,,,
,,,,,,,,,,,,,
,,,,,,,,,,,,,
,,,,,,,,,,,,,
,,,,,,,,,,,,,
,,,,,,,,,,,,,
,,,,,,,,,,,,,
,,,,,,,,,,,,,
,,,,,,,,,,,,,
,,,,,,,,,,,,,
,,,,,,,,,,,,,
,,,,,,,,,,,,,
,,,,,,,,,,,,,
,,,,,,,,,,,,,
,,,,,,,,,,,,,
,,,,,,,,,,,,,
,,,,,,,,,,,,,
,,,,,,,,,,,,,
,,,,,,,,,,,,,
,,,,,,,,,,,,,
,,,,,,,,,,,,,
,,,,,,,,,,,,,
,,,,,,,,,,,,,
,,,,,,,,,,,,,
,,,,,,,,,,,,,
,,,,,,,,,,,,,
,,,,,,,,,,,,,
,,,,,,,,,,,,,
,,,,,,,,,,,,,
,,,,,,,,,,,,,
,,,,,,,,,,,,,
,,,,,,,,,,,,,
,,,,,,,,,,,,,
,,,,,,,,,,,,,
,,,,,,,,,,,,,
,,,,,,,,,,,,,
,,,,,,,,,,,,,
,,,,,,,,,,,,,
,,,,,,,,,,,,,
,,,,,,,,,,,,,
,,,,,,,,,,,,,
,,,,,,,,,,,,,
,,,,,,,,,,,,,
,,,,,,,,,,,,,
,,,,,,,,,,,,,
,,,,,,,,,,,,,
,,,,,,,,,,,,,
,,,,,,,,,,,,,
,,,,,,,,,,,,,
,,,,,,,,,,,,,
,,,,,,,,,,,,,
,,,,,,,,,,,,,
,,,,,,,,,,,,,
,,,,,,,,,,,,,
,,,,,,,,,,,,,
,,,,,,,,,,,,,
,,,,,,,,,,,,,
,,,,,,,,,,,,,
,,,,,,,,,,,,,
,,,,,,,,,,,,,
,,,,,,,,,,,,,
,,,,,,,,,,,,,
,,,,,,,,,,,,,
,,,,,,,,,,,,,
,,,,,,,,,,,,,
,,,,,,,,,,,,,
,,,,,,,,,,,,,
,,,,,,,,,,,,,
,,,,,,,,,,,,,
,,,,,,,,,,,,,
,,,,,,,,,,,,,
,,,,,,,,,,,,,
,,,,,,,,,,,,,
,,,,,,,,,,,,,
,,,,,,,,,,,,,
,,,,,,,,,,,,,
,,,,,,,,,,,,,
,,,,,,,,,,,,,
,,,,,,,,,,,,,
,,,,,,,,,,,,,
,,,,,,,,,,,,,
,,,,,,,,,,,,,
,,,,,,,,,,,,,
,,,,,,,,,,,,,
,,,,,,,,,,,,,
,,,,,,,,,,,,,
,,,,,,,,,,,,,
,,,,,,,,,,,,,
,,,,,,,,,,,,,
,,,,,,,,,,,,,
,,,,,,,,,,,,,
,,,,,,,,,,,,,
,,,,,,,,,,,,,
,,,,,,,,,,,,,
,,,,,,,,,,,,,
,,,,,,,,,,,,,
,,,,,,,,,,,,,
,,,,,,,,,,,,,
,,,,,,,,,,,,,
,,,,,,,,,,,,,
,,,,,,,,,,,,,
,,,,,,,,,,,,,
,,,,,,,,,,,,,
,,,,,,,,,,,,,
,,,,,,,,,,,,,
,,,,,,,,,,,,,
,,,,,,,,,,,,,
,,,,,,,,,,,,,
,,,,,,,,,,,,,
,,,,,,,,,,,,,
,,,,,,,,,,,,,
,,,,,,,,,,,,,
,,,,,,,,,,,,,
,,,,,,,,,,,,,
,,,,,,,,,,,,,
,,,,,,,,,,,,,
,,,,,,,,,,,,,
,,,,,,,,,,,,,
,,,,,,,,,,,,,
,,,,,,,,,,,,,
,,,,,,,,,,,,,
,,,,,,,,,,,,,
,,,,,,,,,,,,,
,,,,,,,,,,,,,
,,,,,,,,,,,,,
,,,,,,,,,,,,,
,,,,,,,,,,,,,
,,,,,,,,,,,,,
,,,,,,,,,,,,,
,,,,,,,,,,,,,
,,,,,,,,,,,,,
,,,,,,,,,,,,,
,,,,,,,,,,,,,
,,,,,,,,,,,,,
,,,,,,,,,,,,,
,,,,,,,,,,,,,
,,,,,,,,,,,,,
,,,,,,,,,,,,,
,,,,,,,,,,,,,
,,,,,,,,,,,,,
,,,,,,,,,,,,,
,,,,,,,,,,,,,
,,,,,,,,,,,,,
,,,,,,,,,,,,,
,,,,,,,,,,,,,
,,,,,,,,,,,,,
,,,,,,,,,,,,,
,,,,,,,,,,,,,
,,,,,,,,,,,,,
,,,,,,,,,,,,,
,,,,,,,,,,,,,
,,,,,,,,,,,,,
,,,,,,,,,,,,,
,,,,,,,,,,,,,
,,,,,,,,,,,,,
,,,,,,,,,,,,,
,,,,,,,,,,,,,
,,,,,,,,,,,,,
,,,,,,,,,,,,,
,,,,,,,,,,,,,
,,,,,,,,,,,,,
,,,,,,,,,,,,,
,,,,,,,,,,,,,
,,,,,,,,,,,,,
,,,,,,,,,,,,,
,,,,,,,,,,,,,
,,,,,,,,,,,,,
,,,,,,,,,,,,,
,,,,,,,,,,,,,
,,,,,,,,,,,,,
,,,,,,,,,,,,,
,,,,,,,,,,,,,
,,,,,,,,,,,,,
,,,,,,,,,,,,,
,,,,,,,,,,,,,
,,,,,,,,,,,,,
,,,,,,,,,,,,,
,,,,,,,,,,,,,
,,,,,,,,,,,,,
,,,,,,,,,,,,,
,,,,,,,,,,,,,
,,,,,,,,,,,,,
,,,,,,,,,,,,,
,,,,,,,,,,,,,
,,,,,,,,,,,,,
,,,,,,,,,,,,,
,,,,,,,,,,,,,
,,,,,,,,,,,,,
,,,,,,,,,,,,,
,,,,,,,,,,,,,
,,,,,,,,,,,,,
,,,,,,,,,,,,,
,,,,,,,,,,,,,
,,,,,,,,,,,,,
,,,,,,,,,,,,,
,,,,,,,,,,,,,
,,,,,,,,,,,,,
,,,,,,,,,,,,,
,,,,,,,,,,,,,
,,,,,,,,,,,,,
,,,,,,,,,,,,,
,,,,,,,,,,,,,
,,,,,,,,,,,,,
,,,,,,,,,,,,,
,,,,,,,,,,,,,
,,,,,,,,,,,,,
,,,,,,,,,,,,,
,,,,,,,,,,,,,
,,,,,,,,,,,,,
,,,,,,,,,,,,,
,,,,,,,,,,,,,
,,,,,,,,,,,,,
,,,,,,,,,,,,,
,,,,,,,,,,,,,
,,,,,,,,,,,,,
,,,,,,,,,,,,,
,,,,,,,,,,,,,
,,,,,,,,,,,,,
,,,,,,,,,,,,,
,,,,,,,,,,,,,
,,,,,,,,,,,,,
,,,,,,,,,,,,,
,,,,,,,,,,,,,
,,,,,,,,,,,,,
,,,,,,,,,,,,,
,,,,,,,,,,,,,
,,,,,,,,,,,,,
,,,,,,,,,,,,,
,,,,,,,,,,,,,
,,,,,,,,,,,,,
,,,,,,,,,,,,,
,,,,,,,,,,,,,
,,,,,,,,,,,,,
,,,,,,,,,,,,,
,,,,,,,,,,,,,
,,,,,,,,,,,,,
,,,,,,,,,,,,,
,,,,,,,,,,,,,
,,,,,,,,,,,,,
,,,,,,,,,,,,,
,,,,,,,,,,,,,
,,,,,,,,,,,,,
,,,,,,,,,,,,,
,,,,,,,,,,,,,
,,,,,,,,,,,,,
,,,,,,,,,,,,,
,,,,,,,,,,,,,
,,,,,,,,,,,,,
,,,,,,,,,,,,,
,,,,,,,,,,,,,
,,,,,,,,,,,,,
,,,,,,,,,,,,,
,,,,,,,,,,,,,
,,,,,,,,,,,,,
,,,,,,,,,,,,,
,,,,,,,,,,,,,
,,,,,,,,,,,,,
,,,,,,,,,,,,,
,,,,,,,,,,,,,
,,,,,,,,,,,,,
,,,,,,,,,,,,,
,,,,,,,,,,,,,
,,,,,,,,,,,,,
,,,,,,,,,,,,,
,,,,,,,,,,,,,
,,,,,,,,,,,,,
,,,,,,,,,,,,,
,,,,,,,,,,,,,
,,,,,,,,,,,,,
,,,,,,,,,,,,,
,,,,,,,,,,,,,
,,,,,,,,,,,,,
,,,,,,,,,,,,,
,,,,,,,,,,,,,
,,,,,,,,,,,,,
,,,,,,,,,,,,,
,,,,,,,,,,,,,
,,,,,,,,,,,,,
,,,,,,,,,,,,,
,,,,,,,,,,,,,
,,,,,,,,,,,,,
,,,,,,,,,,,,,
,,,,,,,,,,,,,
,,,,,,,,,,,,,
,,,,,,,,,,,,,
,,,,,,,,,,,,,
,,,,,,,,,,,,,
,,,,,,,,,,,,,
,,,,,,,,,,,,,
,,,,,,,,,,,,,
,,,,,,,,,,,,,
,,,,,,,,,,,,,
,,,,,,,,,,,,,
,,,,,,,,,,,,,
,,,,,,,,,,,,,
,,,,,,,,,,,,,
,,,,,,,,,,,,,
,,,,,,,,,,,,,
,,,,,,,,,,,,,
,,,,,,,,,,,,,
,,,,,,,,,,,,,
,,,,,,,,,,,,,
,,,,,,,,,,,,,
,,,,,,,,,,,,,
,,,,,,,,,,,,,
,,,,,,,,,,,,,
,,,,,,,,,,,,,
,,,,,,,,,,,,,
,,,,,,,,,,,,,
,,,,,,,,,,,,,
,,,,,,,,,,,,,
,,,,,,,,,,,,,
,,,,,,,,,,,,,
,,,,,,,,,,,,,
,,,,,,,,,,,,,
,,,,,,,,,,,,,
,,,,,,,,,,,,,
,,,,,,,,,,,,,
,,,,,,,,,,,,,
,,,,,,,,,,,,,
,,,,,,,,,,,,,
,,,,,,,,,,,,,
,,,,,,,,,,,,,
